state,year,month,month_name,requirement_mu,supplied_mu,deficit_mu,deficit_pct,avg_temp_max_c,avg_temp_min_c,total_precipitation_mm
Uttarakhand,2016,2,February,1008.0,1004.0,-4.0,-0.4,21.42,7.27,38.7
Uttarakhand,2016,4,April,1081.0,1072.0,-9.0,-0.8,32.88,16.81,8.1
Uttarakhand,2016,5,May,1159.0,1151.0,-8.0,-0.7,33.21,19.95,40.6
Uttarakhand,2016,6,June,,1175.0,-8.0,-0.7,31.87,22.8,112.7
Uttarakhand,2016,7,July,1149.0,1138.0,-11.0,-0.9,27.89,23.23,677.6
Uttarakhand,2016,8,August,1153.0,1146.0,-7.0,-0.6,28.75,22.64,364.7
Uttarakhand,2016,9,September,1139.0,1138.0,-2.0,-0.1,28.09,20.73,59.2
Uttarakhand,2016,10,October,1079.0,1079.0,0.0,0.0,27.33,15.13,6.5
Uttarakhand,2016,11,November,960.0,958.0,-2.0,-0.2,24.01,9.73,0.1
Uttarakhand,2016,12,December,1027.0,1024.0,-3.0,-0.3,20.15,7.34,6.6
Uttarakhand,2017,1,January,1098.0,1077.0,-21.0,-1.9,18.17,7.26,94.6
Uttarakhand,2017,2,February,985.0,979.0,-6.0,-0.6,21.98,10.21,18.1
Uttarakhand,2017,3,March,1056.0,1049.0,-7.0,-0.7,26.26,12.19,32.1
Uttarakhand,2017,4,April,1081.0,1080.0,1.0,0.1,32.43,18.49,28.5
Uttarakhand,2017,5,May,1226.0,1221.0,5.0,0.4,33.9,21.33,41.2
Uttarakhand,2017,6,June,1193.0,1192.0,0.0,0.0,32.85,22.71,125.6
Uttarakhand,2017,7,July,1167.0,1157.0,10.0,0.8,29.22,23.6,344.7
Uttarakhand,2017,8,August,1174.0,1170.0,4.0,0.3,28.76,23.25,268.7
Uttarakhand,2017,9,September,1138.0,1136.0,2.0,0.2,28.8,21.42,395.6
Uttarakhand,2017,10,October,1058.0,1058.0,0.0,0.0,28.45,17.7,2.7
Uttarakhand,2017,11,November,1016.0,1013.0,2.0,0.2,23.39,12.32,1.3
Uttarakhand,2017,12,December,1108.0,1106.0,2.0,0.2,20.5,9.4,14.5
Uttarakhand,2018,1,January,1195.0,1194.0,2.0,0.1,18.44,6.78,23.0
Uttarakhand,2018,2,February,1025.0,1023.0,1.0,0.1,22.43,9.98,9.1
Uttarakhand,2018,3,March,1076.0,1076.0,1.0,0.1,27.75,13.76,18.8
Uttarakhand,2018,4,April,1106.0,1103.0,2.0,0.2,30.43,18.01,38.2
Uttarakhand,2018,5,May,1263.0,1232.0,32.0,2.5,33.41,20.69,26.2
Uttarakhand,2018,6,June,1301.0,1291.0,10.0,0.8,32.89,23.49,131.4
Uttarakhand,2018,7,July,1301.0,1287.0,14.0,1.1,29.43,23.64,671.2
Uttarakhand,2018,8,August,1177.0,1167.0,11.0,0.9,28.57,23.14,704.9
Uttarakhand,2018,9,September,1162.0,1149.0,13.0,1.1,28.42,21.29,257.7
Uttarakhand,2018,10,October,1071.0,1069.0,3.0,0.3,27.65,15.34,8.4
Uttarakhand,2018,11,November,1007.0,1006.0,2.0,0.2,23.36,12.53,12.6
Uttarakhand,2018,12,December,1159.0,1156.0,2.0,0.2,18.8,7.62,4.4
Uttarakhand,2019,1,January,1192.0,1189.0,3.0,0.2,17.21,6.67,50.8
Uttarakhand,2019,2,February,1038.0,1037.0,1.0,0.1,18.81,8.04,128.6
Uttarakhand,2019,3,March,1067.0,1067.0,0.0,0.0,23.86,10.88,18.6
Uttarakhand,2019,4,April,1120.0,1120.0,0.0,0.0,31.37,17.7,27.2
Uttarakhand,2019,5,May,1406.0,1322.0,83.0,5.9,34.5,20.7,7.0
Uttarakhand,2019,6,June,1441.0,1441.0,0.0,0.0,35.67,23.87,7.0
Uttarakhand,2019,7,July,1416.0,1416.0,0.0,0.0,29.57,23.6,402.5
Uttarakhand,2019,8,August,1263.0,1254.0,9.0,0.7,29.51,23.67,324.3
Uttarakhand,2019,9,September,1310.0,1310.0,0.0,0.0,28.05,22.2,176.2
Uttarakhand,2019,10,October,1103.0,1103.0,0.0,0.0,26.7,17.05,6.4
Uttarakhand,2019,11,November,1041.0,1041.0,0.0,0.0,23.48,13.11,7.4
Uttarakhand,2019,12,December,1168.0,1166.0,2.0,0.2,17.45,7.32,28.4
Uttarakhand,2020,1,January,1244.0,1243.0,1.0,0.0,15.83,6.3,116.7
Uttarakhand,2020,2,February,1091.0,1091.0,0.0,0.0,19.41,8.2,20.2
Uttarakhand,2020,3,March,869.0,869.0,0.0,0.0,22.72,11.48,106.0
Uttarakhand,2020,4,April,674.0,674.0,0.0,0.0,28.63,16.23,35.1
Uttarakhand,2020,5,May,974.0,974.0,0.0,0.0,31.61,19.54,44.6
Uttarakhand,2020,6,June,1252.0,1252.0,0.0,0.0,31.78,22.73,56.5
Uttarakhand,2020,7,July,1350.0,1350.0,0.0,0.0,29.8,23.3,396.1
Uttarakhand,2020,8,August,1324.0,1324.0,0.0,0.0,29.41,23.71,343.2
Uttarakhand,2020,9,September,1347.0,1347.0,0.0,0.0,30.12,22.23,40.1
Uttarakhand,2020,10,October,1133.0,1132.0,0.0,0.0,28.39,16.61,0.0
Uttarakhand,2020,11,November,1040.0,1040.0,0.0,0.0,22.01,11.09,6.0
Uttarakhand,2020,12,December,1216.0,1216.0,0.0,0.0,18.96,8.08,8.2
Uttarakhand,2021,1,January,1263.0,1260.0,3.0,0.2,17.71,7.07,10.1
Uttarakhand,2021,2,February,1100.0,1099.0,1.0,0.1,22.11,9.66,5.5
Uttarakhand,2021,3,March,1154.0,1150.0,4.0,0.3,26.94,13.15,2.8
Uttarakhand,2021,4,April,1157.0,1153.0,4.0,0.3,30.36,15.47,18.1
Uttarakhand,2021,5,May,1075.0,1075.0,0.0,0.0,30.31,19.4,92.9
Uttarakhand,2021,6,June,1311.0,1309.0,1.0,0.1,31.14,22.29,187.4
Uttarakhand,2021,7,July,1594.0,1580.0,14.0,0.9,30.27,23.89,223.6
Uttarakhand,2021,8,August,1446.0,1422.0,24.0,1.7,29.42,23.18,242.2
Uttarakhand,2021,9,September,1371.0,1367.0,4.0,0.3,29.02,22.31,101.1
Uttarakhand,2021,10,October,1342.0,1328.0,14.0,1.1,27.24,17.29,87.3
Uttarakhand,2021,11,November,1054.0,1054.0,1.0,0.1,22.51,10.37,0.0
Uttarakhand,2021,12,December,1284.0,1284.0,1.0,0.0,18.08,6.83,4.3
Uttarakhand,2022,1,January,1392.0,1389.0,2.0,0.2,15.75,6.6,92.0
Uttarakhand,2022,2,February,1187.0,1187.0,0.0,0.0,18.19,6.51,63.0
Uttarakhand,2022,3,March,1307.0,1278.0,29.0,2.2,27.97,13.8,1.2
Uttarakhand,2022,4,April,1401.0,1341.0,59.0,4.2,33.52,17.58,0.1
Uttarakhand,2022,5,May,1460.0,1451.0,9.0,0.6,32.58,20.63,45.0
Uttarakhand,2022,6,June,1570.0,1537.0,33.0,2.1,35.27,22.86,128.4
Uttarakhand,2022,7,July,1475.0,1438.0,36.0,2.5,29.91,23.39,345.2
Uttarakhand,2022,8,August,1425.0,1411.0,14.0,1.0,29.73,23.04,274.8
Uttarakhand,2022,9,September,1294.0,1283.0,11.0,0.8,28.86,21.36,158.0
Uttarakhand,2022,10,October,1099.0,1096.0,4.0,0.3,26.22,16.18,51.2
Uttarakhand,2022,11,November,1079.0,1069.0,10.0,0.9,22.88,11.42,1.9
Uttarakhand,2022,12,December,1229.0,1212.0,16.0,1.3,19.22,7.87,1.4
Uttarakhand,2023,1,January,1340.0,1305.0,34.0,2.6,17.44,6.18,43.9
Uttarakhand,2023,2,February,1113.0,1092.0,21.0,1.9,22.31,9.12,21.1
Uttarakhand,2023,3,March,1162.0,1149.0,13.0,1.1,24.61,12.28,71.7
Uttarakhand,2023,4,April,1208.0,1193.0,15.0,1.2,28.84,15.3,18.3
Uttarakhand,2023,5,May,1335.0,1331.0,4.0,0.3,30.45,17.84,100.0
Uttarakhand,2023,6,June,1483.0,1479.0,4.0,0.3,31.86,21.66,148.7
Uttarakhand,2023,7,July,1357.0,1342.0,15.0,1.1,30.13,23.16,224.0
Uttarakhand,2023,8,August,1404.0,1385.0,19.0,1.4,29.8,22.8,381.2
Uttarakhand,2023,9,September,1392.0,1381.0,11.0,0.8,29.99,21.86,85.9
Uttarakhand,2023,10,October,1239.0,1230.0,9.0,0.7,27.54,16.02,9.3
Uttarakhand,2023,11,November,1102.0,1099.0,3.0,0.3,23.08,12.03,22.1
Uttarakhand,2023,12,December,1267.0,1263.0,4.0,0.3,19.26,8.74,0.3
Uttarakhand,2024,1,January,1430.0,1409.0,21.0,1.5,17.08,6.12,3.2
Uttarakhand,2024,2,February,1223.0,1217.0,6.0,0.5,19.2,6.88,91.1
Uttarakhand,2024,3,March,1203.0,1202.0,1.0,0.1,24.9,11.72,46.0
Uttarakhand,2024,4,April,1302.0,1300.0,2.0,0.2,30.48,15.52,0.8
Uttarakhand,2024,5,May,1663.0,1660.0,3.0,0.2,34.67,20.52,35.3
Uttarakhand,2024,6,June,1713.0,1704.0,9.0,0.5,35.92,23.76,72.5
Uttarakhand,2024,7,July,1563.0,1549.0,14.0,0.9,30.71,23.64,445.4
Uttarakhand,2024,8,August,1506.0,1501.0,5.0,0.3,29.98,23.12,341.4
Uttarakhand,2024,9,September,1422.0,1418.0,4.0,0.3,29.06,21.89,210.9
Uttarakhand,2024,10,October,1351.0,1345.0,6.0,0.4,27.97,17.48,1.2
Uttarakhand,2024,11,November,1164.0,1164.0,0.0,0.0,23.38,13.1,0.0
Uttarakhand,2024,12,December,1332.0,1331.0,1.0,0.1,18.82,7.41,18.0
Uttarakhand,2025,1,January,1361.0,1361.0,0.0,0.0,19.36,7.61,6.1
Uttarakhand,2025,2,February,1183.0,1183.0,0.0,0.0,21.22,8.51,117.3
Uttarakhand,2025,3,March,1210.0,1209.0,0.0,0.0,25.73,10.89,20.2
Uttarakhand,2025,4,April,1325.0,1317.0,8.0,0.6,30.79,15.78,37.9
Uttarakhand,2025,5,May,1531.0,1530.0,1.0,0.1,31.67,20.07,72.6
Uttarakhand,2025,6,June,1571.0,1570.0,1.0,0.1,31.71,22.86,182.3
Uttarakhand,2025,7,July,1557.0,1551.0,6.0,0.4,30.05,23.52,240.6
Uttarakhand,2025,8,August,1452.0,1439.0,13.0,0.9,28.91,22.94,248.1
Uttarakhand,2025,9,September,1436.0,1427.0,9.0,0.6,28.89,21.62,202.4
Uttarakhand,2025,10,October,1219.0,1214.0,5.0,0.4,27.06,16.73,17.7
Uttarakhand,2025,11,November,1175.0,1173.0,2.0,0.2,22.73,11.28,0.1
Uttarakhand,2025,12,December,1365.0,1359.0,6.0,0.4,19.38,9.31,0.0
Uttarakhand,2026,1,January,1450.0,1446.0,4.0,0.3,17.99,6.9,44.8
Uttarakhand,2026,2,February,1210.0,1209.0,1.0,0.1,22.37,9.98,8.9
Uttarakhand,2026,3,March,1247.0,1238.0,9.0,0.7,26.61,14.02,59.7
Uttarakhand,2026,4,April,1337.0,1310.0,27.0,2.0,30.78,15.78,39.3
Uttarakhand,2026,5,May,1545.0,1544.0,1.0,0.1,31.97,19.59,49.2
Uttarakhand,2026,6,June,1685.0,1681.0,4.0,0.2,32.27,22.53,61.6
Uttarakhand,2026,7,July,1664.0,1651.0,13.0,0.8,29.76,23.94,378.2
