year,month,avg_temp_max_c,avg_temp_min_c,total_precipitation_mm,days_in_month
2016,1,17.55,4.54,4.4,31
2016,2,21.42,7.27,38.7,29
2016,3,26.77,11.78,27.4,31
2016,4,32.88,16.81,8.1,30
2016,5,33.21,19.95,40.6,31
2016,6,31.87,22.8,112.7,30
2016,7,27.89,23.23,677.6,31
2016,8,28.75,22.64,364.7,31
2016,9,28.09,20.73,59.2,30
2016,10,27.33,15.13,6.5,31
2016,11,24.01,9.73,0.1,30
2016,12,20.15,7.34,6.6,31
2017,1,18.17,7.26,94.6,31
2017,2,21.98,10.21,18.1,28
2017,3,26.26,12.19,32.1,31
2017,4,32.43,18.49,28.5,30
2017,5,33.9,21.33,41.2,31
2017,6,32.85,22.71,125.6,30
2017,7,29.22,23.6,344.7,31
2017,8,28.76,23.25,268.7,31
2017,9,28.8,21.42,395.6,30
2017,10,28.45,17.7,2.7,31
2017,11,23.39,12.32,1.3,30
2017,12,20.5,9.4,14.5,31
2018,1,18.44,6.78,23.0,31
2018,2,22.43,9.98,9.1,28
2018,3,27.75,13.76,18.8,31
2018,4,30.43,18.01,38.2,30
2018,5,33.41,20.69,26.2,31
2018,6,32.89,23.49,131.4,30
2018,7,29.43,23.64,671.2,31
2018,8,28.57,23.14,704.9,31
2018,9,28.42,21.29,257.7,30
2018,10,27.65,15.34,8.4,31
2018,11,23.36,12.53,12.6,30
2018,12,18.8,7.62,4.4,31
2019,1,17.21,6.67,50.8,31
2019,2,18.81,8.04,128.6,28
2019,3,23.86,10.88,18.6,31
2019,4,31.37,17.7,27.2,30
2019,5,34.5,20.7,7.0,31
2019,6,35.67,23.87,7.0,30
2019,7,29.57,23.6,402.5,31
2019,8,29.51,23.67,324.3,31
2019,9,28.05,22.2,176.2,30
2019,10,26.7,17.05,6.4,31
2019,11,23.48,13.11,7.4,30
2019,12,17.45,7.32,28.4,31
2020,1,15.83,6.3,116.7,31
2020,2,19.41,8.2,20.2,29
2020,3,22.72,11.48,106.0,31
2020,4,28.63,16.23,35.1,30
2020,5,31.61,19.54,44.6,31
2020,6,31.78,22.73,56.5,30
2020,7,29.8,23.3,396.1,31
2020,8,29.41,23.71,343.2,31
2020,9,30.12,22.23,40.1,30
2020,10,28.39,16.61,0.0,31
2020,11,22.01,11.09,6.0,30
2020,12,18.96,8.08,8.2,31
2021,1,17.71,7.07,10.1,31
2021,2,22.11,9.66,5.5,28
2021,3,26.94,13.15,2.8,31
2021,4,30.36,15.47,18.1,30
2021,5,30.31,19.4,92.9,31
2021,6,31.14,22.29,187.4,30
2021,7,30.27,23.89,223.6,31
2021,8,29.42,23.18,242.2,31
2021,9,29.02,22.31,101.1,30
2021,10,27.24,17.29,87.3,31
2021,11,22.51,10.37,0.0,30
2021,12,18.08,6.83,4.3,31
2022,1,15.75,6.6,92.0,31
2022,2,18.19,6.51,63.0,28
2022,3,27.97,13.8,1.2,31
2022,4,33.52,17.58,0.1,30
2022,5,32.58,20.63,45.0,31
2022,6,35.27,22.86,128.4,30
2022,7,29.91,23.39,345.2,31
2022,8,29.73,23.04,274.8,31
2022,9,28.86,21.36,158.0,30
2022,10,26.22,16.18,51.2,31
2022,11,22.88,11.42,1.9,30
2022,12,19.22,7.87,1.4,31
2023,1,17.44,6.18,43.9,31
2023,2,22.31,9.12,21.1,28
2023,3,24.61,12.28,71.7,31
2023,4,28.84,15.3,18.3,30
2023,5,30.45,17.84,100.0,31
2023,6,31.86,21.66,148.7,30
2023,7,30.13,23.16,224.0,31
2023,8,29.8,22.8,381.2,31
2023,9,29.99,21.86,85.9,30
2023,10,27.54,16.02,9.3,31
2023,11,23.08,12.03,22.1,30
2023,12,19.26,8.74,0.3,31
2024,1,17.08,6.12,3.2,31
2024,2,19.2,6.88,91.1,29
2024,3,24.9,11.72,46.0,31
2024,4,30.48,15.52,0.8,30
2024,5,34.67,20.52,35.3,31
2024,6,35.92,23.76,72.5,30
2024,7,30.71,23.64,445.4,31
2024,8,29.98,23.12,341.4,31
2024,9,29.06,21.89,210.9,30
2024,10,27.97,17.48,1.2,31
2024,11,23.38,13.1,0.0,30
2024,12,18.82,7.41,18.0,31
2025,1,19.36,7.61,6.1,31
2025,2,21.22,8.51,117.3,28
2025,3,25.73,10.89,20.2,31
2025,4,30.79,15.78,37.9,30
2025,5,31.67,20.07,72.6,31
2025,6,31.71,22.86,182.3,30
2025,7,30.05,23.52,240.6,31
2025,8,28.91,22.94,248.1,31
2025,9,28.89,21.62,202.4,30
2025,10,27.06,16.73,17.7,31
2025,11,22.73,11.28,0.1,30
2025,12,19.38,9.31,0.0,31
2026,1,17.99,6.9,44.8,31
2026,2,22.37,9.98,8.9,28
2026,3,26.61,14.02,59.7,31
2026,4,30.78,15.78,39.3,30
2026,5,31.97,19.59,49.2,31
2026,6,32.27,22.53,61.6,30
2026,7,29.76,23.94,378.2,31
2026,8,28.96,23.68,364.8,31
2026,9,28.37,21.65,121.7,20
