date,temp_max_c,temp_min_c,precipitation_mm
2016-01-01,19.3,5.4,0.0
2016-01-02,18.4,3.5,0.0
2016-01-03,18.3,4.3,0.0
2016-01-04,18.3,5.3,0.0
2016-01-05,20.2,7.7,0.0
2016-01-06,21.1,6.7,0.0
2016-01-07,19.9,7.2,0.1
2016-01-08,18.8,6.6,0.7
2016-01-09,16.9,3.0,0.0
2016-01-10,17.8,3.6,0.0
2016-01-11,17.5,4.2,0.0
2016-01-12,18.5,5.2,0.0
2016-01-13,18.0,5.6,0.1
2016-01-14,16.9,4.9,0.0
2016-01-15,16.9,4.7,0.0
2016-01-16,16.4,2.9,0.0
2016-01-17,16.1,4.3,0.0
2016-01-18,16.9,3.7,0.1
2016-01-19,16.4,4.0,2.4
2016-01-20,14.0,2.6,0.1
2016-01-21,14.3,4.5,0.0
2016-01-22,14.5,1.3,0.0
2016-01-23,15.5,1.6,0.0
2016-01-24,15.2,1.7,0.0
2016-01-25,15.4,1.7,0.0
2016-01-26,16.5,4.3,0.0
2016-01-27,17.5,2.9,0.0
2016-01-28,18.3,3.3,0.1
2016-01-29,19.7,9.0,0.8
2016-01-30,21.7,8.7,0.0
2016-01-31,18.7,6.3,0.0
2016-02-01,19.8,4.2,0.0
2016-02-02,18.2,3.5,0.0
2016-02-03,19.2,3.4,0.0
2016-02-04,19.7,4.0,0.0
2016-02-05,21.0,5.0,0.0
2016-02-06,20.2,6.0,0.0
2016-02-07,15.9,8.9,19.4
2016-02-08,19.6,5.0,0.0
2016-02-09,20.3,5.6,0.0
2016-02-10,20.1,5.5,0.0
2016-02-11,18.7,7.6,0.7
2016-02-12,20.5,5.7,0.0
2016-02-13,17.1,5.3,4.5
2016-02-14,21.2,6.6,0.0
2016-02-15,20.1,5.4,0.0
2016-02-16,21.2,5.5,0.1
2016-02-17,24.0,6.1,0.0
2016-02-18,26.1,9.0,0.0
2016-02-19,27.2,13.9,0.0
2016-02-20,22.9,12.8,13.4
2016-02-21,22.6,9.1,0.0
2016-02-22,22.5,7.9,0.0
2016-02-23,22.1,7.4,0.0
2016-02-24,22.9,8.6,0.0
2016-02-25,23.3,9.4,0.0
2016-02-26,22.9,9.5,0.4
2016-02-27,23.7,9.2,0.0
2016-02-28,24.2,9.8,0.1
2016-02-29,23.9,11.0,0.1
2016-03-01,24.4,9.9,0.0
2016-03-02,25.6,10.5,0.1
2016-03-03,26.7,11.3,0.0
2016-03-04,27.5,11.8,0.0
2016-03-05,24.0,12.0,0.5
2016-03-06,25.3,13.3,6.5
2016-03-07,25.7,12.1,0.2
2016-03-08,26.0,11.1,0.0
2016-03-09,24.8,11.2,0.0
2016-03-10,26.2,10.8,0.0
2016-03-11,26.8,13.1,2.1
2016-03-12,25.2,13.9,4.6
2016-03-13,24.0,12.8,4.5
2016-03-14,22.6,11.9,1.3
2016-03-15,23.9,8.4,0.0
2016-03-16,24.6,8.1,0.0
2016-03-17,26.7,9.1,2.9
2016-03-18,25.9,13.6,3.7
2016-03-19,27.3,13.4,0.1
2016-03-20,27.2,12.6,0.0
2016-03-21,26.4,9.5,0.0
2016-03-22,25.7,7.5,0.0
2016-03-23,28.9,7.5,0.0
2016-03-24,29.6,11.1,0.0
2016-03-25,30.2,13.0,0.0
2016-03-26,31.8,16.2,0.1
2016-03-27,29.7,14.9,0.8
2016-03-28,28.4,13.2,0.0
2016-03-29,29.2,13.0,0.0
2016-03-30,30.0,14.1,0.0
2016-03-31,29.7,14.3,0.0
2016-04-01,31.5,14.3,0.0
2016-04-02,31.8,15.9,0.0
2016-04-03,33.6,18.0,0.2
2016-04-04,32.1,18.9,1.1
2016-04-05,31.4,17.4,0.0
2016-04-06,30.1,18.7,0.6
2016-04-07,31.0,17.1,2.3
2016-04-08,29.9,15.1,0.0
2016-04-09,31.7,15.0,0.0
2016-04-10,32.3,18.0,0.1
2016-04-11,30.1,15.5,0.8
2016-04-12,30.7,13.9,0.0
2016-04-13,31.9,14.0,0.1
2016-04-14,32.9,14.4,0.0
2016-04-15,33.8,16.1,0.0
2016-04-16,35.4,17.6,0.0
2016-04-17,36.3,19.9,0.2
2016-04-18,34.2,19.5,1.9
2016-04-19,34.2,20.4,0.2
2016-04-20,35.2,20.0,0.0
2016-04-21,34.7,16.5,0.0
2016-04-22,33.7,17.6,0.6
2016-04-23,31.3,17.4,0.0
2016-04-24,31.5,14.6,0.0
2016-04-25,32.7,14.8,0.0
2016-04-26,34.5,15.6,0.0
2016-04-27,35.1,16.1,0.0
2016-04-28,34.3,17.2,0.0
2016-04-29,34.1,16.4,0.0
2016-04-30,34.5,18.3,0.0
2016-05-01,35.4,17.0,0.0
2016-05-02,36.8,18.3,0.0
2016-05-03,34.0,18.7,1.6
2016-05-04,34.2,19.4,1.8
2016-05-05,31.0,18.9,2.4
2016-05-06,30.8,17.8,0.8
2016-05-07,30.8,19.0,0.0
2016-05-08,29.9,20.9,0.8
2016-05-09,31.2,20.5,1.1
2016-05-10,32.3,20.7,5.2
2016-05-11,31.8,20.2,1.9
2016-05-12,31.8,18.8,0.5
2016-05-13,34.5,18.9,0.0
2016-05-14,35.6,19.1,0.0
2016-05-15,36.4,19.2,0.0
2016-05-16,36.8,18.0,0.0
2016-05-17,37.2,19.6,0.0
2016-05-18,37.0,20.1,0.0
2016-05-19,36.6,21.5,0.0
2016-05-20,34.6,24.9,0.4
2016-05-21,33.1,24.7,1.7
2016-05-22,33.9,22.1,0.5
2016-05-23,32.2,23.3,12.8
2016-05-24,30.6,21.4,5.2
2016-05-25,31.5,17.8,0.6
2016-05-26,32.3,18.2,0.0
2016-05-27,35.4,18.7,0.0
2016-05-28,32.9,19.3,0.5
2016-05-29,29.1,21.8,1.4
2016-05-30,28.0,20.8,1.4
2016-05-31,31.8,18.8,0.0
2016-06-01,34.3,18.7,0.0
2016-06-02,34.5,20.4,0.0
2016-06-03,33.7,22.2,0.6
2016-06-04,34.5,22.7,0.3
2016-06-05,33.1,24.5,2.9
2016-06-06,33.3,22.8,1.4
2016-06-07,33.1,22.2,1.9
2016-06-08,33.7,21.1,1.3
2016-06-09,33.7,21.3,0.8
2016-06-10,34.6,21.4,0.0
2016-06-11,33.4,22.6,1.2
2016-06-12,34.5,22.6,0.5
2016-06-13,35.2,23.4,2.3
2016-06-14,32.1,23.5,1.9
2016-06-15,28.2,23.0,10.3
2016-06-16,28.0,22.8,28.2
2016-06-17,30.5,21.5,1.2
2016-06-18,30.3,22.2,3.5
2016-06-19,30.5,23.8,1.3
2016-06-20,31.0,23.7,2.1
2016-06-21,29.4,23.3,9.4
2016-06-22,30.0,23.3,1.2
2016-06-23,30.1,23.9,1.3
2016-06-24,32.1,22.9,1.2
2016-06-25,29.7,23.6,3.2
2016-06-26,30.3,23.5,14.4
2016-06-27,30.7,23.9,5.7
2016-06-28,30.1,24.0,4.3
2016-06-29,31.3,24.5,5.5
2016-06-30,30.2,24.6,4.8
2016-07-01,26.7,23.2,7.9
2016-07-02,24.2,22.9,176.0
2016-07-03,26.3,22.6,14.5
2016-07-04,27.9,22.6,9.2
2016-07-05,29.8,22.2,2.1
2016-07-06,29.4,24.2,6.1
2016-07-07,29.2,24.3,2.1
2016-07-08,29.3,23.7,4.3
2016-07-09,30.3,23.4,6.2
2016-07-10,29.6,24.1,2.6
2016-07-11,27.2,23.9,5.3
2016-07-12,28.5,24.8,0.9
2016-07-13,29.4,25.0,3.2
2016-07-14,27.8,23.9,24.7
2016-07-15,29.2,23.7,11.2
2016-07-16,26.3,23.6,72.2
2016-07-17,25.7,22.9,116.3
2016-07-18,28.3,22.8,2.9
2016-07-19,29.7,23.4,1.1
2016-07-20,29.8,23.1,0.7
2016-07-21,29.2,23.4,3.1
2016-07-22,28.6,23.0,13.3
2016-07-23,26.1,22.6,39.4
2016-07-24,28.7,21.7,1.4
2016-07-25,29.4,22.6,4.1
2016-07-26,26.6,23.5,7.3
2016-07-27,26.5,22.6,33.0
2016-07-28,27.6,22.6,19.9
2016-07-29,24.7,22.8,19.3
2016-07-30,25.4,22.7,27.1
2016-07-31,27.2,22.3,40.2
2016-08-01,25.1,22.8,18.8
2016-08-02,29.0,22.2,7.4
2016-08-03,30.9,22.5,3.3
2016-08-04,30.2,24.5,1.9
2016-08-05,30.3,23.3,2.6
2016-08-06,25.7,23.2,76.7
2016-08-07,28.0,22.6,3.1
2016-08-08,27.3,23.6,3.8
2016-08-09,29.2,22.9,31.0
2016-08-10,27.2,22.7,23.9
2016-08-11,26.2,22.2,34.7
2016-08-12,28.2,22.6,7.8
2016-08-13,28.4,22.3,5.3
2016-08-14,28.5,22.7,9.6
2016-08-15,29.0,22.4,3.7
2016-08-16,29.6,23.5,0.6
2016-08-17,27.0,22.5,6.8
2016-08-18,30.0,22.7,4.4
2016-08-19,30.5,22.7,10.0
2016-08-20,28.7,22.9,15.0
2016-08-21,29.6,22.9,12.1
2016-08-22,30.2,23.0,12.1
2016-08-23,28.4,21.9,2.3
2016-08-24,28.0,23.3,15.8
2016-08-25,29.9,21.8,2.6
2016-08-26,30.3,22.2,8.3
2016-08-27,29.7,22.6,0.3
2016-08-28,30.0,21.2,1.8
2016-08-29,29.0,22.2,0.6
2016-08-30,29.2,22.6,21.6
2016-08-31,27.8,21.2,16.8
2016-09-01,27.9,21.4,5.4
2016-09-02,28.2,21.2,1.0
2016-09-03,28.2,22.3,0.5
2016-09-04,28.3,21.4,0.2
2016-09-05,27.9,22.6,2.0
2016-09-06,28.8,22.5,1.8
2016-09-07,29.0,22.9,0.6
2016-09-08,28.8,22.0,1.4
2016-09-09,28.9,21.7,1.8
2016-09-10,28.6,23.1,1.6
2016-09-11,28.0,23.1,2.5
2016-09-12,27.8,22.6,2.0
2016-09-13,27.8,20.8,1.4
2016-09-14,28.0,20.2,2.2
2016-09-15,28.7,19.8,2.5
2016-09-16,28.8,19.6,0.8
2016-09-17,28.1,19.2,0.3
2016-09-18,28.0,21.0,0.7
2016-09-19,28.1,19.9,1.4
2016-09-20,28.6,20.2,1.8
2016-09-21,28.6,20.8,8.0
2016-09-22,26.0,20.8,10.2
2016-09-23,28.1,18.2,1.1
2016-09-24,27.6,18.1,1.7
2016-09-25,27.6,19.1,0.9
2016-09-26,26.9,19.7,0.7
2016-09-27,26.8,19.7,1.3
2016-09-28,27.6,18.9,2.1
2016-09-29,28.2,19.9,1.0
2016-09-30,28.9,19.1,0.3
2016-10-01,29.2,20.6,0.0
2016-10-02,28.6,21.3,0.6
2016-10-03,29.4,20.6,1.1
2016-10-04,28.7,20.1,0.9
2016-10-05,27.5,19.5,1.0
2016-10-06,27.4,18.7,1.7
2016-10-07,28.4,18.2,0.1
2016-10-08,28.2,18.3,0.3
2016-10-09,27.9,16.9,0.0
2016-10-10,28.3,15.7,0.0
2016-10-11,28.2,14.4,0.0
2016-10-12,27.9,14.5,0.0
2016-10-13,28.5,14.9,0.0
2016-10-14,28.5,14.0,0.0
2016-10-15,27.4,14.9,0.0
2016-10-16,27.4,14.8,0.0
2016-10-17,27.3,14.4,0.0
2016-10-18,26.8,13.8,0.0
2016-10-19,26.4,13.9,0.0
2016-10-20,27.0,13.6,0.0
2016-10-21,27.0,13.9,0.0
2016-10-22,27.4,13.0,0.0
2016-10-23,26.9,12.1,0.0
2016-10-24,26.9,12.0,0.0
2016-10-25,26.5,12.5,0.0
2016-10-26,26.6,12.0,0.0
2016-10-27,26.1,11.2,0.0
2016-10-28,25.1,11.5,0.0
2016-10-29,25.3,12.8,0.1
2016-10-30,25.3,12.0,0.0
2016-10-31,25.2,12.8,0.7
2016-11-01,26.0,11.8,0.0
2016-11-02,26.3,11.7,0.0
2016-11-03,26.8,11.6,0.0
2016-11-04,25.7,11.1,0.0
2016-11-05,25.1,11.0,0.0
2016-11-06,24.7,10.4,0.0
2016-11-07,24.1,9.9,0.0
2016-11-08,23.7,9.0,0.0
2016-11-09,23.5,9.5,0.0
2016-11-10,22.9,9.6,0.0
2016-11-11,23.5,10.2,0.0
2016-11-12,23.9,10.3,0.1
2016-11-13,25.3,9.7,0.0
2016-11-14,23.7,9.4,0.0
2016-11-15,22.9,9.1,0.0
2016-11-16,23.4,9.0,0.0
2016-11-17,23.4,8.5,0.0
2016-11-18,21.9,8.5,0.0
2016-11-19,21.5,8.7,0.0
2016-11-20,22.2,9.3,0.0
2016-11-21,23.7,9.5,0.0
2016-11-22,25.8,9.4,0.0
2016-11-23,24.6,9.1,0.0
2016-11-24,24.3,10.8,0.0
2016-11-25,26.6,9.0,0.0
2016-11-26,26.2,10.1,0.0
2016-11-27,24.2,9.6,0.0
2016-11-28,21.7,8.8,0.0
2016-11-29,20.7,8.3,0.0
2016-11-30,21.9,8.9,0.0
2016-12-01,22.2,11.1,0.0
2016-12-02,21.3,10.2,0.0
2016-12-03,20.9,8.5,0.0
2016-12-04,20.8,8.5,0.0
2016-12-05,21.1,8.5,0.0
2016-12-06,20.9,8.8,0.0
2016-12-07,20.6,9.3,0.0
2016-12-08,20.7,9.7,0.0
2016-12-09,21.2,8.7,0.0
2016-12-10,22.0,8.4,0.0
2016-12-11,24.2,9.5,0.0
2016-12-12,21.2,8.1,0.0
2016-12-13,20.5,6.5,0.0
2016-12-14,19.7,6.0,0.0
2016-12-15,18.6,5.7,0.0
2016-12-16,18.4,6.2,0.0
2016-12-17,19.6,6.3,0.0
2016-12-18,20.2,7.2,0.0
2016-12-19,21.1,6.1,0.0
2016-12-20,21.9,6.1,0.0
2016-12-21,20.4,5.6,0.0
2016-12-22,18.7,5.5,0.0
2016-12-23,19.9,6.0,0.0
2016-12-24,19.5,6.6,0.0
2016-12-25,18.3,7.7,6.6
2016-12-26,18.5,4.2,0.0
2016-12-27,19.2,4.8,0.0
2016-12-28,18.0,5.7,0.0
2016-12-29,17.2,7.7,0.0
2016-12-30,19.0,7.3,0.0
2016-12-31,18.9,7.1,0.0
2017-01-01,19.4,7.6,0.3
2017-01-02,20.6,7.5,0.0
2017-01-03,20.4,8.7,0.0
2017-01-04,20.3,9.7,0.0
2017-01-05,19.4,7.6,0.0
2017-01-06,18.1,9.7,12.1
2017-01-07,13.2,8.2,44.4
2017-01-08,15.0,4.9,0.0
2017-01-09,15.9,5.5,0.0
2017-01-10,14.4,3.7,0.0
2017-01-11,13.3,3.2,0.4
2017-01-12,15.4,3.0,0.0
2017-01-13,16.0,2.7,0.0
2017-01-14,17.0,2.8,0.0
2017-01-15,17.8,7.7,0.1
2017-01-16,15.3,6.3,2.3
2017-01-17,16.3,6.2,0.0
2017-01-18,19.0,6.2,0.0
2017-01-19,18.9,5.6,0.0
2017-01-20,20.7,5.3,0.0
2017-01-21,20.2,8.2,0.0
2017-01-22,21.5,10.3,0.7
2017-01-23,21.6,7.9,0.0
2017-01-24,21.6,9.5,0.0
2017-01-25,21.2,10.9,1.0
2017-01-26,18.0,12.1,16.9
2017-01-27,15.7,10.3,15.6
2017-01-28,17.9,7.5,0.0
2017-01-29,20.8,8.3,0.0
2017-01-30,19.0,8.9,0.0
2017-01-31,19.4,9.1,0.8
2017-02-01,19.7,6.7,0.0
2017-02-02,19.8,8.2,0.0
2017-02-03,21.7,9.5,0.0
2017-02-04,21.3,11.7,0.0
2017-02-05,20.0,12.5,13.2
2017-02-06,19.8,9.1,0.1
2017-02-07,21.2,8.7,0.0
2017-02-08,21.2,10.1,0.0
2017-02-09,17.6,9.1,0.0
2017-02-10,20.1,6.0,0.0
2017-02-11,21.3,8.4,0.0
2017-02-12,20.9,10.1,0.0
2017-02-13,22.3,10.0,0.0
2017-02-14,22.8,9.3,0.0
2017-02-15,22.7,11.0,0.0
2017-02-16,23.7,12.0,0.0
2017-02-17,24.4,13.2,0.0
2017-02-18,24.7,12.2,0.0
2017-02-19,23.1,14.4,1.1
2017-02-20,24.1,13.1,1.9
2017-02-21,20.4,12.8,1.7
2017-02-22,21.2,10.2,0.0
2017-02-23,21.7,9.8,0.0
2017-02-24,22.6,9.8,0.0
2017-02-25,23.3,9.0,0.0
2017-02-26,23.2,9.0,0.0
2017-02-27,23.9,9.3,0.0
2017-02-28,26.8,10.7,0.1
2017-03-01,24.1,11.5,2.4
2017-03-02,25.0,11.1,0.0
2017-03-03,23.9,9.6,0.0
2017-03-04,24.5,13.4,0.0
2017-03-05,24.6,10.1,0.2
2017-03-06,24.5,9.4,0.0
2017-03-07,25.5,10.5,0.5
2017-03-08,18.1,11.9,7.7
2017-03-09,20.4,9.5,5.5
2017-03-10,17.5,9.8,7.8
2017-03-11,15.7,7.2,2.8
2017-03-12,18.4,3.9,0.0
2017-03-13,20.3,5.9,0.0
2017-03-14,21.9,7.9,0.0
2017-03-15,24.9,7.6,0.0
2017-03-16,25.5,11.2,1.7
2017-03-17,23.8,10.5,0.8
2017-03-18,24.5,9.5,0.0
2017-03-19,25.5,10.3,0.5
2017-03-20,26.6,10.2,0.0
2017-03-21,29.4,13.0,0.0
2017-03-22,31.9,16.1,0.0
2017-03-23,32.3,17.2,1.9
2017-03-24,31.2,16.0,0.1
2017-03-25,30.6,15.2,0.0
2017-03-26,31.2,16.0,0.0
2017-03-27,33.9,17.4,0.0
2017-03-28,34.0,18.2,0.0
2017-03-29,35.7,20.7,0.0
2017-03-30,34.1,18.1,0.0
2017-03-31,34.6,18.9,0.2
2017-04-01,34.7,19.0,0.1
2017-04-02,33.6,17.6,0.0
2017-04-03,33.8,17.0,0.0
2017-04-04,32.8,19.0,0.1
2017-04-05,28.9,19.2,4.5
2017-04-06,28.3,18.8,8.2
2017-04-07,27.4,16.3,3.4
2017-04-08,28.8,13.6,0.0
2017-04-09,28.2,15.1,0.0
2017-04-10,28.6,13.5,0.0
2017-04-11,32.5,13.8,0.0
2017-04-12,33.1,16.2,0.0
2017-04-13,33.6,17.7,0.0
2017-04-14,32.8,20.5,0.0
2017-04-15,33.6,17.6,0.0
2017-04-16,34.4,18.0,0.0
2017-04-17,34.1,21.8,0.0
2017-04-18,34.0,22.2,0.0
2017-04-19,33.3,23.0,2.2
2017-04-20,34.8,22.3,1.8
2017-04-21,34.2,22.7,2.4
2017-04-22,35.3,22.0,2.6
2017-04-23,31.8,20.6,2.4
2017-04-24,32.3,20.2,0.0
2017-04-25,33.9,18.6,0.0
2017-04-26,32.4,18.0,0.0
2017-04-27,31.6,17.5,0.3
2017-04-28,33.7,16.3,0.0
2017-04-29,34.1,17.9,0.0
2017-04-30,32.3,18.8,0.5
2017-05-01,32.3,15.9,0.0
2017-05-02,33.2,15.5,0.6
2017-05-03,33.8,23.5,2.2
2017-05-04,30.8,19.7,1.1
2017-05-05,34.4,19.0,0.0
2017-05-06,35.6,18.4,0.0
2017-05-07,36.4,21.1,0.0
2017-05-08,35.7,23.7,0.3
2017-05-09,33.6,22.9,7.2
2017-05-10,33.0,22.5,2.1
2017-05-11,33.2,21.2,0.3
2017-05-12,34.7,21.6,2.2
2017-05-13,35.8,21.6,0.0
2017-05-14,35.5,21.5,0.0
2017-05-15,36.8,21.9,0.0
2017-05-16,36.1,21.4,0.8
2017-05-17,32.6,21.0,0.9
2017-05-18,31.4,20.6,0.7
2017-05-19,34.3,21.7,0.1
2017-05-20,34.2,21.9,0.1
2017-05-21,35.2,21.6,0.0
2017-05-22,32.8,21.6,2.0
2017-05-23,32.7,21.5,1.6
2017-05-24,35.5,21.4,0.6
2017-05-25,35.2,23.3,0.4
2017-05-26,36.2,24.1,3.9
2017-05-27,34.4,23.7,2.4
2017-05-28,31.4,23.4,5.3
2017-05-29,31.4,22.2,3.7
2017-05-30,31.7,20.9,0.2
2017-05-31,30.9,20.9,2.5
2017-06-01,31.7,20.2,0.8
2017-06-02,35.2,19.5,0.0
2017-06-03,38.0,22.5,0.0
2017-06-04,38.4,24.7,0.0
2017-06-05,38.7,25.9,0.0
2017-06-06,33.9,25.7,1.9
2017-06-07,30.8,22.1,17.8
2017-06-08,32.3,21.8,0.0
2017-06-09,29.9,21.2,1.6
2017-06-10,33.4,20.9,0.5
2017-06-11,32.7,20.9,0.3
2017-06-12,34.7,22.1,0.0
2017-06-13,35.0,20.7,0.0
2017-06-14,36.4,22.6,0.0
2017-06-15,33.9,22.9,1.4
2017-06-16,32.8,23.5,0.2
2017-06-17,31.1,23.0,1.1
2017-06-18,33.3,23.1,1.6
2017-06-19,32.8,24.7,5.7
2017-06-20,29.4,23.0,2.1
2017-06-21,30.5,21.2,5.6
2017-06-22,30.7,20.5,0.1
2017-06-23,33.3,21.7,0.7
2017-06-24,33.8,23.9,1.1
2017-06-25,33.8,25.1,1.9
2017-06-26,31.8,23.5,32.6
2017-06-27,31.1,23.8,13.1
2017-06-28,29.6,23.3,5.6
2017-06-29,27.9,23.6,5.8
2017-06-30,28.7,23.6,24.1
2017-07-01,30.3,23.6,3.8
2017-07-02,27.1,23.3,7.9
2017-07-03,29.7,23.5,7.2
2017-07-04,29.8,23.4,6.3
2017-07-05,31.0,23.5,12.5
2017-07-06,27.7,22.5,5.7
2017-07-07,27.8,23.4,1.7
2017-07-08,30.7,23.5,1.8
2017-07-09,31.3,24.3,4.5
2017-07-10,29.4,23.8,11.4
2017-07-11,27.1,22.5,16.1
2017-07-12,24.9,22.8,48.2
2017-07-13,30.2,23.5,0.2
2017-07-14,29.4,24.0,6.7
2017-07-15,27.8,24.1,9.2
2017-07-16,30.7,24.0,5.2
2017-07-17,28.7,24.7,9.1
2017-07-18,32.4,24.3,4.0
2017-07-19,33.4,24.4,1.3
2017-07-20,27.2,23.6,12.0
2017-07-21,31.1,23.9,6.2
2017-07-22,29.6,23.9,54.5
2017-07-23,31.4,23.4,6.5
2017-07-24,30.8,23.9,11.4
2017-07-25,27.9,23.6,9.2
2017-07-26,27.9,23.5,20.1
2017-07-27,27.8,22.4,6.5
2017-07-28,29.1,23.8,4.0
2017-07-29,28.8,24.0,12.1
2017-07-30,28.5,23.8,19.0
2017-07-31,26.2,22.8,20.4
2017-08-01,28.2,23.7,6.7
2017-08-02,26.1,23.2,17.3
2017-08-03,27.7,23.4,18.8
2017-08-04,28.4,23.0,10.4
2017-08-05,27.9,23.5,22.0
2017-08-06,29.2,24.1,1.9
2017-08-07,27.6,24.1,7.6
2017-08-08,28.5,23.8,15.1
2017-08-09,27.1,23.8,16.2
2017-08-10,27.9,23.7,34.7
2017-08-11,29.3,24.1,8.6
2017-08-12,29.2,23.6,11.7
2017-08-13,29.6,23.7,8.8
2017-08-14,30.5,22.5,3.8
2017-08-15,29.5,23.1,3.0
2017-08-16,30.7,23.1,1.9
2017-08-17,31.0,23.6,0.5
2017-08-18,29.7,23.5,4.6
2017-08-19,25.9,23.2,32.1
2017-08-20,29.2,23.1,1.1
2017-08-21,27.7,23.3,2.1
2017-08-22,29.5,23.0,0.8
2017-08-23,28.1,22.7,4.6
2017-08-24,28.6,22.2,8.7
2017-08-25,28.6,22.3,0.9
2017-08-26,29.0,22.3,2.2
2017-08-27,31.2,21.9,0.0
2017-08-28,27.1,22.2,9.9
2017-08-29,30.4,23.7,0.1
2017-08-30,29.8,23.8,8.7
2017-08-31,28.4,23.4,3.9
2017-09-01,23.6,22.4,173.0
2017-09-02,25.5,21.7,82.8
2017-09-03,28.3,21.7,0.7
2017-09-04,29.9,20.8,0.2
2017-09-05,28.9,22.3,1.2
2017-09-06,29.2,21.6,0.8
2017-09-07,28.1,21.0,0.5
2017-09-08,29.0,21.3,0.5
2017-09-09,29.7,21.4,0.5
2017-09-10,29.5,22.5,2.8
2017-09-11,30.7,21.5,0.0
2017-09-12,30.6,20.9,0.0
2017-09-13,30.8,21.5,0.0
2017-09-14,30.4,22.0,0.0
2017-09-15,30.2,21.2,0.0
2017-09-16,29.5,21.9,0.6
2017-09-17,29.2,22.0,0.0
2017-09-18,29.6,23.1,3.9
2017-09-19,29.3,21.9,1.0
2017-09-20,30.8,20.9,0.0
2017-09-21,29.6,21.6,0.5
2017-09-22,25.4,22.0,33.2
2017-09-23,22.9,21.5,61.5
2017-09-24,27.3,20.4,30.7
2017-09-25,29.9,19.2,0.0
2017-09-26,29.6,19.9,0.0
2017-09-27,28.9,21.2,0.0
2017-09-28,28.5,20.8,0.8
2017-09-29,29.7,21.0,0.2
2017-09-30,29.5,21.5,0.2
2017-10-01,28.3,21.7,0.8
2017-10-02,28.4,20.8,0.8
2017-10-03,29.4,19.7,0.0
2017-10-04,29.2,20.1,0.0
2017-10-05,30.2,21.1,0.0
2017-10-06,30.5,19.8,0.0
2017-10-07,31.0,19.3,0.0
2017-10-08,29.7,19.0,0.0
2017-10-09,29.0,19.1,0.0
2017-10-10,28.8,19.0,0.0
2017-10-11,28.2,19.1,0.0
2017-10-12,29.0,18.4,0.0
2017-10-13,28.5,18.9,1.1
2017-10-14,29.4,17.7,0.0
2017-10-15,29.5,16.9,0.0
2017-10-16,29.3,17.7,0.0
2017-10-17,28.0,18.0,0.0
2017-10-18,29.6,17.5,0.0
2017-10-19,31.1,18.5,0.0
2017-10-20,30.1,18.4,0.0
2017-10-21,29.2,17.3,0.0
2017-10-22,29.3,17.4,0.0
2017-10-23,28.3,15.1,0.0
2017-10-24,27.5,15.2,0.0
2017-10-25,26.8,14.0,0.0
2017-10-26,25.3,14.4,0.0
2017-10-27,25.8,14.6,0.0
2017-10-28,26.2,14.6,0.0
2017-10-29,25.6,15.4,0.0
2017-10-30,25.7,14.3,0.0
2017-10-31,24.9,15.8,0.0
2017-11-01,24.2,14.6,0.1
2017-11-02,25.2,14.9,0.0
2017-11-03,25.4,14.8,0.0
2017-11-04,27.0,16.0,0.0
2017-11-05,25.5,14.9,0.4
2017-11-06,25.3,14.6,0.0
2017-11-07,25.5,14.4,0.0
2017-11-08,25.8,15.3,0.0
2017-11-09,25.1,13.6,0.8
2017-11-10,26.3,12.9,0.0
2017-11-11,25.0,13.4,0.0
2017-11-12,24.2,13.3,0.0
2017-11-13,23.7,12.4,0.0
2017-11-14,23.2,12.7,0.0
2017-11-15,21.6,12.1,0.0
2017-11-16,22.9,11.7,0.0
2017-11-17,23.9,11.6,0.0
2017-11-18,23.6,12.5,0.0
2017-11-19,23.1,12.2,0.0
2017-11-20,21.6,10.6,0.0
2017-11-21,21.6,10.2,0.0
2017-11-22,21.8,9.7,0.0
2017-11-23,21.5,10.1,0.0
2017-11-24,22.0,9.8,0.0
2017-11-25,21.7,10.7,0.0
2017-11-26,21.4,10.8,0.0
2017-11-27,21.5,9.6,0.0
2017-11-28,21.0,9.2,0.0
2017-11-29,20.3,9.9,0.0
2017-11-30,20.9,11.2,0.0
2017-12-01,20.4,8.2,0.0
2017-12-02,20.5,8.9,0.0
2017-12-03,20.8,8.5,0.0
2017-12-04,21.4,10.5,0.0
2017-12-05,21.3,11.2,0.0
2017-12-06,22.6,12.2,0.0
2017-12-07,21.8,13.3,0.0
2017-12-08,22.6,11.9,0.0
2017-12-09,21.8,10.6,0.0
2017-12-10,22.5,11.3,0.0
2017-12-11,23.0,11.5,0.9
2017-12-12,15.2,10.8,13.5
2017-12-13,18.2,10.5,0.1
2017-12-14,20.0,9.3,0.0
2017-12-15,20.3,8.1,0.0
2017-12-16,19.2,7.7,0.0
2017-12-17,20.1,6.5,0.0
2017-12-18,22.2,6.9,0.0
2017-12-19,22.3,9.1,0.0
2017-12-20,19.2,8.8,0.0
2017-12-21,20.5,11.5,0.0
2017-12-22,21.2,8.2,0.0
2017-12-23,20.5,8.0,0.0
2017-12-24,18.6,9.4,0.0
2017-12-25,19.3,8.4,0.0
2017-12-26,20.5,7.4,0.0
2017-12-27,19.8,9.6,0.0
2017-12-28,21.1,8.4,0.0
2017-12-29,20.1,7.4,0.0
2017-12-30,19.6,9.0,0.0
2017-12-31,18.9,8.3,0.0
2018-01-01,17.3,7.2,0.0
2018-01-02,17.9,5.6,0.0
2018-01-03,18.0,8.3,0.0
2018-01-04,18.1,6.6,0.0
2018-01-05,16.6,4.8,0.0
2018-01-06,16.3,5.4,0.0
2018-01-07,15.8,3.6,0.0
2018-01-08,17.3,4.7,0.0
2018-01-09,18.3,4.8,0.0
2018-01-10,19.2,6.3,0.0
2018-01-11,18.5,7.2,0.0
2018-01-12,17.6,8.2,0.0
2018-01-13,17.5,6.6,0.0
2018-01-14,18.9,5.8,0.0
2018-01-15,18.4,6.7,0.0
2018-01-16,19.6,7.3,0.0
2018-01-17,18.7,7.0,0.0
2018-01-18,20.1,7.7,0.0
2018-01-19,21.2,7.8,0.0
2018-01-20,20.3,9.4,0.0
2018-01-21,19.1,10.5,0.0
2018-01-22,18.9,6.4,0.0
2018-01-23,18.9,6.7,19.4
2018-01-24,16.3,7.1,3.6
2018-01-25,17.2,5.6,0.0
2018-01-26,16.9,5.6,0.0
2018-01-27,17.2,5.4,0.0
2018-01-28,18.5,5.1,0.0
2018-01-29,19.9,6.0,0.0
2018-01-30,22.2,8.3,0.0
2018-01-31,20.9,12.5,0.0
2018-02-01,23.3,11.3,0.0
2018-02-02,22.6,9.7,0.0
2018-02-03,20.5,7.4,0.0
2018-02-04,21.3,7.0,0.0
2018-02-05,21.1,9.8,0.0
2018-02-06,22.5,10.6,0.0
2018-02-07,20.5,8.3,0.0
2018-02-08,19.9,8.4,0.0
2018-02-09,19.9,7.3,0.0
2018-02-10,21.1,8.2,0.0
2018-02-11,23.0,7.5,0.0
2018-02-12,17.3,9.8,7.3
2018-02-13,19.5,7.3,0.2
2018-02-14,21.1,7.0,0.0
2018-02-15,20.9,8.7,0.1
2018-02-16,22.3,10.6,0.0
2018-02-17,21.8,10.5,0.0
2018-02-18,21.9,8.2,0.0
2018-02-19,23.6,10.3,0.0
2018-02-20,23.8,10.5,0.0
2018-02-21,24.3,11.6,0.0
2018-02-22,25.3,11.9,0.0
2018-02-23,26.7,10.8,0.0
2018-02-24,23.9,15.3,1.3
2018-02-25,24.8,13.1,0.2
2018-02-26,24.7,11.3,0.0
2018-02-27,26.0,13.3,0.0
2018-02-28,24.3,13.8,0.0
2018-03-01,26.5,13.1,0.0
2018-03-02,27.4,14.1,1.0
2018-03-03,27.3,13.2,0.1
2018-03-04,23.3,14.4,3.0
2018-03-05,23.6,12.0,0.0
2018-03-06,24.5,10.5,0.0
2018-03-07,25.9,11.4,0.0
2018-03-08,26.3,12.6,0.0
2018-03-09,27.7,12.7,1.2
2018-03-10,27.5,11.7,0.0
2018-03-11,27.8,12.8,0.0
2018-03-12,28.3,13.7,0.0
2018-03-13,30.0,14.0,0.0
2018-03-14,30.4,15.3,0.0
2018-03-15,26.7,13.7,4.0
2018-03-16,25.6,12.5,0.0
2018-03-17,26.3,12.1,0.0
2018-03-18,27.2,11.4,0.0
2018-03-19,28.7,13.2,0.0
2018-03-20,30.1,14.5,0.0
2018-03-21,27.5,16.9,8.0
2018-03-22,25.4,14.0,1.5
2018-03-23,27.0,13.4,0.0
2018-03-24,28.6,14.0,0.0
2018-03-25,29.4,15.2,0.0
2018-03-26,30.2,12.7,0.0
2018-03-27,31.4,16.3,0.0
2018-03-28,30.8,16.3,0.0
2018-03-29,30.3,16.6,0.0
2018-03-30,29.5,15.8,0.0
2018-03-31,29.1,16.6,0.0
2018-04-01,29.0,17.1,0.0
2018-04-02,29.7,17.8,0.0
2018-04-03,29.2,19.6,0.7
2018-04-04,30.4,19.7,0.0
2018-04-05,30.8,19.4,0.8
2018-04-06,29.8,19.7,2.1
2018-04-07,25.6,18.2,2.8
2018-04-08,27.4,17.7,4.7
2018-04-09,27.3,18.0,6.4
2018-04-10,28.5,18.1,0.2
2018-04-11,27.4,16.9,5.4
2018-04-12,28.9,16.0,0.0
2018-04-13,28.8,15.4,0.0
2018-04-14,29.9,14.5,0.0
2018-04-15,31.8,17.2,0.0
2018-04-16,31.1,16.9,2.6
2018-04-17,32.2,15.8,0.4
2018-04-18,33.2,16.7,0.0
2018-04-19,32.3,18.3,0.0
2018-04-20,31.8,18.2,3.2
2018-04-21,30.6,18.4,0.0
2018-04-22,30.8,17.0,0.0
2018-04-23,32.3,18.2,0.0
2018-04-24,32.7,17.5,0.0
2018-04-25,33.8,19.3,0.0
2018-04-26,34.4,18.3,0.0
2018-04-27,29.8,21.0,2.6
2018-04-28,31.3,20.5,0.0
2018-04-29,31.3,20.1,5.4
2018-04-30,30.8,18.7,0.9
2018-05-01,30.6,19.7,0.7
2018-05-02,28.5,20.9,5.6
2018-05-03,29.3,19.7,0.2
2018-05-04,29.0,20.2,1.8
2018-05-05,31.3,19.5,1.0
2018-05-06,34.1,18.9,0.3
2018-05-07,32.3,19.4,2.6
2018-05-08,26.4,17.3,2.2
2018-05-09,30.1,16.5,1.8
2018-05-10,31.8,16.4,0.0
2018-05-11,34.3,19.2,0.0
2018-05-12,33.9,21.6,0.4
2018-05-13,34.7,22.0,1.5
2018-05-14,30.0,19.7,0.3
2018-05-15,31.5,20.2,0.0
2018-05-16,33.8,20.8,0.0
2018-05-17,33.3,21.0,0.1
2018-05-18,31.1,21.5,1.5
2018-05-19,34.9,19.9,0.0
2018-05-20,35.9,20.9,0.0
2018-05-21,37.3,21.0,0.0
2018-05-22,38.3,21.3,0.0
2018-05-23,37.2,23.0,0.0
2018-05-24,36.8,21.6,0.0
2018-05-25,37.7,21.3,0.0
2018-05-26,38.2,23.1,0.0
2018-05-27,36.7,22.3,0.0
2018-05-28,36.4,23.2,0.3
2018-05-29,33.8,23.1,0.0
2018-05-30,33.9,23.0,1.4
2018-05-31,32.7,23.2,4.5
2018-06-01,32.4,22.1,10.3
2018-06-02,31.7,23.2,6.9
2018-06-03,32.8,23.3,0.3
2018-06-04,33.8,25.4,0.0
2018-06-05,33.5,24.9,1.8
2018-06-06,30.7,23.0,13.7
2018-06-07,34.0,23.9,1.6
2018-06-08,32.8,24.3,12.8
2018-06-09,32.4,22.6,6.3
2018-06-10,31.4,23.0,6.2
2018-06-11,33.1,23.2,0.8
2018-06-12,35.5,23.5,0.0
2018-06-13,35.5,24.1,0.0
2018-06-14,33.8,25.2,0.5
2018-06-15,32.1,22.8,13.2
2018-06-16,29.9,22.8,10.7
2018-06-17,27.2,21.8,5.0
2018-06-18,32.3,21.2,0.2
2018-06-19,34.0,22.6,0.1
2018-06-20,33.5,23.4,0.0
2018-06-21,34.2,23.8,0.0
2018-06-22,35.5,23.6,0.0
2018-06-23,35.9,24.7,0.0
2018-06-24,35.5,23.5,0.0
2018-06-25,36.5,23.2,0.0
2018-06-26,33.7,24.3,5.6
2018-06-27,30.3,22.9,8.8
2018-06-28,31.9,24.3,12.4
2018-06-29,30.7,23.7,10.3
2018-06-30,30.0,24.3,3.9
2018-07-01,30.9,23.6,14.7
2018-07-02,29.2,23.2,18.7
2018-07-03,27.9,23.0,7.7
2018-07-04,27.8,21.9,20.4
2018-07-05,31.8,21.7,0.0
2018-07-06,32.1,22.0,0.0
2018-07-07,32.7,23.3,0.8
2018-07-08,32.5,25.2,1.0
2018-07-09,28.2,24.9,65.1
2018-07-10,28.3,24.3,57.9
2018-07-11,28.0,23.7,57.0
2018-07-12,29.0,23.6,30.0
2018-07-13,28.5,23.8,5.1
2018-07-14,29.4,23.7,5.1
2018-07-15,30.1,24.4,1.3
2018-07-16,29.6,24.5,4.7
2018-07-17,29.3,24.6,4.0
2018-07-18,30.2,24.2,12.4
2018-07-19,30.6,24.5,5.0
2018-07-20,30.1,24.7,7.6
2018-07-21,30.4,24.4,17.4
2018-07-22,27.4,23.8,14.4
2018-07-23,31.0,23.8,9.0
2018-07-24,30.5,24.4,2.1
2018-07-25,28.4,24.0,26.9
2018-07-26,26.4,23.5,139.0
2018-07-27,27.0,23.3,18.7
2018-07-28,25.1,22.5,110.4
2018-07-29,30.8,22.2,7.4
2018-07-30,30.4,23.1,3.5
2018-07-31,28.6,23.0,3.9
2018-08-01,28.9,22.1,4.8
2018-08-02,30.0,23.4,9.2
2018-08-03,28.4,23.0,18.5
2018-08-04,27.4,23.1,31.7
2018-08-05,26.5,22.9,115.2
2018-08-06,26.9,22.1,65.1
2018-08-07,26.8,23.0,19.4
2018-08-08,29.9,23.4,4.0
2018-08-09,28.9,23.6,6.2
2018-08-10,29.3,22.8,10.8
2018-08-11,28.3,23.6,20.9
2018-08-12,27.9,23.5,40.8
2018-08-13,27.7,22.7,106.0
2018-08-14,28.5,22.1,6.5
2018-08-15,29.4,22.6,3.5
2018-08-16,30.5,24.1,8.1
2018-08-17,28.6,24.7,5.9
2018-08-18,28.0,23.9,3.8
2018-08-19,30.3,23.1,11.4
2018-08-20,30.1,23.5,16.5
2018-08-21,29.9,23.2,3.7
2018-08-22,29.4,24.1,20.1
2018-08-23,27.6,23.4,42.0
2018-08-24,28.3,23.1,57.1
2018-08-25,29.7,22.9,9.8
2018-08-26,27.9,22.4,7.6
2018-08-27,28.9,23.3,1.3
2018-08-28,29.6,23.1,5.3
2018-08-29,27.0,23.1,4.3
2018-08-30,27.7,22.8,16.9
2018-08-31,27.4,22.7,28.5
2018-09-01,27.9,22.6,35.9
2018-09-02,27.4,23.0,4.8
2018-09-03,27.6,22.8,4.5
2018-09-04,28.3,22.5,9.0
2018-09-05,29.4,22.9,1.6
2018-09-06,31.1,22.9,0.3
2018-09-07,29.6,23.5,3.7
2018-09-08,29.5,22.8,0.5
2018-09-09,28.7,23.1,2.0
2018-09-10,28.9,22.6,2.5
2018-09-11,27.3,22.7,53.8
2018-09-12,27.8,21.8,6.8
2018-09-13,28.0,21.3,9.6
2018-09-14,28.3,21.3,2.5
2018-09-15,29.7,21.2,1.8
2018-09-16,29.6,21.0,0.0
2018-09-17,29.7,19.4,0.0
2018-09-18,30.3,19.7,0.0
2018-09-19,30.6,20.3,0.0
2018-09-20,29.2,21.4,1.9
2018-09-21,29.7,21.0,6.3
2018-09-22,24.4,21.8,40.2
2018-09-23,24.6,21.2,18.9
2018-09-24,25.3,20.5,47.5
2018-09-25,27.9,19.6,0.0
2018-09-26,29.0,19.1,0.1
2018-09-27,27.7,19.8,2.3
2018-09-28,27.1,19.7,1.2
2018-09-29,29.5,18.7,0.0
2018-09-30,28.5,18.4,0.0
2018-10-01,29.5,18.2,0.0
2018-10-02,29.4,18.6,0.0
2018-10-03,29.8,17.7,0.0
2018-10-04,29.0,17.8,0.0
2018-10-05,28.9,16.9,0.0
2018-10-06,28.2,17.0,0.8
2018-10-07,28.5,16.7,0.0
2018-10-08,28.2,16.4,0.0
2018-10-09,28.5,16.8,0.0
2018-10-10,28.0,17.0,0.8
2018-10-11,27.0,16.3,6.5
2018-10-12,27.0,15.8,0.0
2018-10-13,26.3,15.2,0.0
2018-10-14,26.1,14.3,0.0
2018-10-15,27.6,14.8,0.0
2018-10-16,28.4,15.0,0.0
2018-10-17,28.7,15.4,0.0
2018-10-18,27.9,14.6,0.0
2018-10-19,28.5,15.6,0.0
2018-10-20,28.0,13.9,0.0
2018-10-21,27.6,13.5,0.0
2018-10-22,26.9,13.2,0.0
2018-10-23,26.6,12.9,0.0
2018-10-24,26.1,12.8,0.0
2018-10-25,26.7,12.9,0.0
2018-10-26,26.2,13.0,0.3
2018-10-27,26.5,14.0,0.0
2018-10-28,27.2,15.0,0.0
2018-10-29,27.1,13.5,0.0
2018-10-30,26.0,15.8,0.0
2018-10-31,26.8,14.9,0.0
2018-11-01,26.2,16.4,0.0
2018-11-02,26.0,14.4,0.0
2018-11-03,23.0,14.7,3.0
2018-11-04,23.1,13.5,9.6
2018-11-05,24.2,12.4,0.0
2018-11-06,23.3,11.3,0.0
2018-11-07,23.4,11.6,0.0
2018-11-08,23.0,12.0,0.0
2018-11-09,24.2,12.9,0.0
2018-11-10,24.1,13.3,0.0
2018-11-11,22.4,12.8,0.0
2018-11-12,24.7,13.3,0.0
2018-11-13,24.4,13.6,0.0
2018-11-14,23.7,13.0,0.0
2018-11-15,23.5,12.0,0.0
2018-11-16,22.2,10.2,0.0
2018-11-17,22.0,10.3,0.0
2018-11-18,22.8,10.7,0.0
2018-11-19,23.6,13.8,0.0
2018-11-20,23.8,11.9,0.0
2018-11-21,23.5,11.2,0.0
2018-11-22,22.7,11.5,0.0
2018-11-23,22.6,11.6,0.0
2018-11-24,23.0,10.8,0.0
2018-11-25,21.8,13.5,0.0
2018-11-26,24.1,11.9,0.0
2018-11-27,21.5,14.5,0.0
2018-11-28,22.9,13.0,0.0
2018-11-29,22.9,12.0,0.0
2018-11-30,22.1,11.9,0.0
2018-12-01,21.4,10.1,0.0
2018-12-02,19.9,9.9,0.0
2018-12-03,20.8,9.3,0.0
2018-12-04,20.5,10.1,0.0
2018-12-05,20.2,9.8,0.0
2018-12-06,19.6,9.6,0.0
2018-12-07,20.1,7.5,0.0
2018-12-08,19.8,10.1,0.0
2018-12-09,19.4,9.7,0.0
2018-12-10,19.0,9.9,0.0
2018-12-11,19.8,9.1,0.0
2018-12-12,15.2,8.5,4.3
2018-12-13,16.7,7.5,0.1
2018-12-14,18.6,6.3,0.0
2018-12-15,20.0,6.3,0.0
2018-12-16,20.9,7.3,0.0
2018-12-17,20.4,7.6,0.0
2018-12-18,20.6,6.4,0.0
2018-12-19,19.5,8.5,0.0
2018-12-20,19.2,9.7,0.0
2018-12-21,19.1,6.6,0.0
2018-12-22,17.1,7.4,0.0
2018-12-23,17.8,7.3,0.0
2018-12-24,18.4,5.9,0.0
2018-12-25,17.2,6.3,0.0
2018-12-26,16.0,5.4,0.0
2018-12-27,15.4,2.9,0.0
2018-12-28,16.2,1.9,0.0
2018-12-29,18.0,4.8,0.0
2018-12-30,17.0,8.5,0.0
2018-12-31,19.0,5.9,0.0
2019-01-01,18.8,6.7,0.0
2019-01-02,16.6,5.5,0.4
2019-01-03,17.4,5.5,0.0
2019-01-04,18.2,5.1,0.0
2019-01-05,14.5,8.3,6.9
2019-01-06,13.3,6.9,2.3
2019-01-07,17.1,5.5,0.0
2019-01-08,17.5,5.6,0.0
2019-01-09,17.7,7.4,0.0
2019-01-10,18.1,6.6,0.0
2019-01-11,16.7,8.1,0.0
2019-01-12,18.7,5.4,0.1
2019-01-13,18.5,7.4,0.5
2019-01-14,18.2,5.9,0.0
2019-01-15,18.2,4.7,0.0
2019-01-16,17.2,9.0,0.0
2019-01-17,19.0,6.9,0.0
2019-01-18,19.7,6.3,0.0
2019-01-19,21.1,10.1,0.0
2019-01-20,20.9,11.2,0.0
2019-01-21,20.0,12.9,9.2
2019-01-22,13.7,9.5,24.5
2019-01-23,14.3,7.4,0.0
2019-01-24,17.3,6.0,0.0
2019-01-25,13.6,4.4,3.0
2019-01-26,15.9,4.4,0.0
2019-01-27,14.5,3.6,0.0
2019-01-28,16.2,2.8,0.0
2019-01-29,17.6,4.1,0.0
2019-01-30,17.6,5.9,0.3
2019-01-31,15.5,7.7,3.6
2019-02-01,17.6,7.4,1.1
2019-02-02,20.3,4.8,0.0
2019-02-03,20.9,6.9,0.0
2019-02-04,21.5,7.6,0.0
2019-02-05,21.6,10.0,0.0
2019-02-06,18.0,10.6,1.3
2019-02-07,16.9,8.6,50.5
2019-02-08,15.6,5.5,7.7
2019-02-09,18.0,4.2,0.0
2019-02-10,17.9,6.0,0.0
2019-02-11,19.8,8.8,0.0
2019-02-12,21.2,9.3,0.0
2019-02-13,22.0,10.8,0.1
2019-02-14,19.0,11.9,6.9
2019-02-15,18.8,9.3,2.7
2019-02-16,18.2,8.4,0.2
2019-02-17,18.6,6.7,0.6
2019-02-18,17.9,9.5,4.3
2019-02-19,17.5,8.1,10.0
2019-02-20,19.3,7.3,1.7
2019-02-21,19.2,12.1,20.0
2019-02-22,20.9,10.5,6.8
2019-02-23,20.9,9.6,0.0
2019-02-24,20.6,9.0,0.4
2019-02-25,18.6,7.4,0.0
2019-02-26,18.1,5.9,0.5
2019-02-27,11.8,5.2,13.8
2019-02-28,15.9,3.8,0.0
2019-03-01,18.8,4.4,0.0
2019-03-02,17.3,10.2,8.7
2019-03-03,19.7,10.1,1.5
2019-03-04,20.1,8.2,0.4
2019-03-05,19.0,6.9,0.1
2019-03-06,20.1,9.9,0.0
2019-03-07,20.9,8.6,0.0
2019-03-08,19.8,8.8,0.0
2019-03-09,22.1,6.4,0.0
2019-03-10,22.4,8.7,0.0
2019-03-11,22.8,9.2,1.9
2019-03-12,23.1,9.7,0.0
2019-03-13,20.2,10.6,0.0
2019-03-14,23.2,9.5,1.3
2019-03-15,22.6,8.8,0.0
2019-03-16,24.7,9.3,0.0
2019-03-17,23.7,12.4,0.6
2019-03-18,24.9,11.0,0.0
2019-03-19,24.6,12.6,0.0
2019-03-20,25.1,12.2,0.8
2019-03-21,26.0,12.3,0.0
2019-03-22,26.0,11.8,0.0
2019-03-23,26.7,11.1,0.0
2019-03-24,28.0,12.8,0.0
2019-03-25,22.7,13.4,3.3
2019-03-26,25.8,11.0,0.0
2019-03-27,27.6,13.0,0.0
2019-03-28,28.3,15.3,0.0
2019-03-29,30.4,16.0,0.0
2019-03-30,31.9,16.9,0.0
2019-03-31,31.2,16.2,0.0
2019-04-01,29.8,14.8,0.0
2019-04-02,29.8,14.9,0.0
2019-04-03,30.4,16.5,0.0
2019-04-04,31.3,18.9,0.0
2019-04-05,31.2,17.8,0.0
2019-04-06,30.9,18.7,0.8
2019-04-07,28.3,18.3,3.5
2019-04-08,27.1,17.8,0.9
2019-04-09,30.5,16.4,0.0
2019-04-10,31.1,18.3,0.0
2019-04-11,33.7,16.7,0.0
2019-04-12,31.4,19.5,0.5
2019-04-13,32.6,17.1,0.3
2019-04-14,34.8,17.9,0.0
2019-04-15,36.1,19.1,0.0
2019-04-16,27.5,19.0,2.2
2019-04-17,20.4,15.5,18.0
2019-04-18,24.6,13.8,0.0
2019-04-19,27.9,13.5,0.0
2019-04-20,28.3,16.2,0.0
2019-04-21,30.2,17.1,0.0
2019-04-22,30.9,17.5,0.0
2019-04-23,33.0,17.9,0.1
2019-04-24,33.1,20.7,0.8
2019-04-25,33.6,20.5,0.1
2019-04-26,35.3,20.3,0.0
2019-04-27,37.0,19.0,0.0
2019-04-28,37.8,19.7,0.0
2019-04-29,36.3,18.9,0.0
2019-04-30,36.3,18.6,0.0
2019-05-01,33.8,24.1,0.0
2019-05-02,33.2,23.2,0.0
2019-05-03,33.3,20.5,0.0
2019-05-04,33.1,18.9,0.0
2019-05-05,34.3,18.9,0.0
2019-05-06,34.6,19.6,0.0
2019-05-07,35.7,18.6,0.0
2019-05-08,37.2,19.6,0.0
2019-05-09,37.4,20.0,0.0
2019-05-10,37.1,20.8,0.0
2019-05-11,33.0,21.6,0.0
2019-05-12,33.2,20.5,0.0
2019-05-13,33.7,20.2,0.0
2019-05-14,29.8,20.1,2.3
2019-05-15,33.3,18.2,0.0
2019-05-16,33.1,19.6,0.1
2019-05-17,29.8,20.2,0.6
2019-05-18,32.1,19.0,0.0
2019-05-19,32.9,20.5,0.0
2019-05-20,35.1,21.4,0.0
2019-05-21,36.6,20.6,0.0
2019-05-22,37.2,21.0,0.0
2019-05-23,35.6,22.9,0.0
2019-05-24,29.3,22.2,4.0
2019-05-25,32.6,19.6,0.0
2019-05-26,34.5,20.2,0.0
2019-05-27,36.6,20.9,0.0
2019-05-28,37.1,21.2,0.0
2019-05-29,38.2,21.6,0.0
2019-05-30,37.9,22.3,0.0
2019-05-31,38.2,23.8,0.0
2019-06-01,36.7,24.3,0.0
2019-06-02,35.2,24.5,0.9
2019-06-03,35.6,24.7,0.3
2019-06-04,35.2,23.5,0.0
2019-06-05,38.4,24.0,0.0
2019-06-06,34.6,23.4,0.3
2019-06-07,35.4,23.2,0.1
2019-06-08,36.8,22.6,0.0
2019-06-09,38.0,24.4,0.0
2019-06-10,37.8,24.6,0.0
2019-06-11,39.3,25.3,0.0
2019-06-12,35.0,25.7,0.0
2019-06-13,35.9,25.4,0.0
2019-06-14,37.7,24.6,0.0
2019-06-15,39.2,23.8,0.0
2019-06-16,35.6,24.5,0.0
2019-06-17,35.5,22.8,0.0
2019-06-18,32.0,22.8,0.0
2019-06-19,34.4,20.9,0.0
2019-06-20,32.9,22.1,0.1
2019-06-21,33.9,23.0,0.0
2019-06-22,34.9,23.5,0.0
2019-06-23,34.6,24.2,3.4
2019-06-24,31.8,23.6,0.6
2019-06-25,34.1,24.5,0.0
2019-06-26,35.7,23.2,0.0
2019-06-27,36.2,24.3,0.0
2019-06-28,36.6,23.6,0.0
2019-06-29,37.1,23.5,0.0
2019-06-30,34.1,25.6,1.3
2019-07-01,33.6,23.2,5.6
2019-07-02,35.7,24.5,0.6
2019-07-03,32.6,25.1,4.3
2019-07-04,30.9,25.0,8.1
2019-07-05,31.5,24.8,1.7
2019-07-06,30.9,23.9,9.0
2019-07-07,31.3,23.7,5.7
2019-07-08,30.7,24.0,22.2
2019-07-09,28.2,23.6,43.3
2019-07-10,29.4,23.6,11.1
2019-07-11,28.5,24.2,12.4
2019-07-12,28.7,23.3,25.5
2019-07-13,28.1,23.4,24.0
2019-07-14,27.0,22.7,34.6
2019-07-15,28.2,22.3,58.6
2019-07-16,23.6,21.8,18.2
2019-07-17,26.4,21.0,1.8
2019-07-18,28.9,22.2,12.3
2019-07-19,29.3,23.0,2.3
2019-07-20,30.0,23.9,2.2
2019-07-21,29.8,23.2,8.0
2019-07-22,30.9,23.9,1.7
2019-07-23,31.7,24.3,5.9
2019-07-24,31.7,23.5,14.4
2019-07-25,25.6,23.1,34.1
2019-07-26,28.5,23.4,18.7
2019-07-27,28.0,23.6,5.7
2019-07-28,29.6,23.6,1.5
2019-07-29,30.1,24.4,3.6
2019-07-30,27.6,25.1,3.9
2019-07-31,29.7,24.3,1.5
2019-08-01,29.8,24.3,12.7
2019-08-02,28.8,23.8,8.7
2019-08-03,29.1,23.9,3.1
2019-08-04,31.1,24.1,9.0
2019-08-05,30.4,24.3,15.0
2019-08-06,27.2,23.5,64.3
2019-08-07,30.8,24.0,1.0
2019-08-08,31.2,24.1,2.1
2019-08-09,29.2,24.4,9.5
2019-08-10,30.2,24.1,5.6
2019-08-11,30.2,24.6,6.6
2019-08-12,29.0,23.5,8.6
2019-08-13,31.8,24.4,12.6
2019-08-14,30.5,23.8,3.0
2019-08-15,27.8,24.4,7.3
2019-08-16,29.6,23.7,11.4
2019-08-17,27.0,23.2,18.8
2019-08-18,25.9,22.9,58.4
2019-08-19,28.1,22.2,6.6
2019-08-20,29.8,21.5,0.0
2019-08-21,29.6,22.9,1.8
2019-08-22,28.2,22.6,5.0
2019-08-23,30.0,24.0,1.1
2019-08-24,29.5,22.8,12.8
2019-08-25,27.4,23.2,5.8
2019-08-26,31.4,24.3,0.0
2019-08-27,31.3,24.1,1.4
2019-08-28,30.3,23.5,3.8
2019-08-29,29.9,24.0,11.5
2019-08-30,30.2,23.5,6.9
2019-08-31,29.6,24.1,9.9
2019-09-01,27.4,23.0,17.0
2019-09-02,31.5,23.2,0.1
2019-09-03,29.9,23.4,5.1
2019-09-04,27.3,23.6,13.0
2019-09-05,28.5,23.6,2.1
2019-09-06,30.2,23.8,1.6
2019-09-07,28.3,23.3,3.0
2019-09-08,29.1,23.4,1.8
2019-09-09,30.0,22.9,0.9
2019-09-10,29.8,23.4,5.3
2019-09-11,29.3,23.6,4.6
2019-09-12,28.3,23.3,22.1
2019-09-13,29.9,23.7,17.1
2019-09-14,27.7,23.0,4.9
2019-09-15,28.5,23.1,2.6
2019-09-16,27.5,22.9,4.8
2019-09-17,27.7,21.9,6.3
2019-09-18,27.4,20.6,5.7
2019-09-19,27.0,21.4,5.5
2019-09-20,28.5,20.5,0.7
2019-09-21,27.7,21.4,5.1
2019-09-22,28.4,20.1,1.8
2019-09-23,27.8,19.8,0.7
2019-09-24,28.6,20.9,1.9
2019-09-25,27.7,21.5,1.6
2019-09-26,27.6,21.6,7.2
2019-09-27,25.2,21.2,8.1
2019-09-28,24.6,21.4,18.3
2019-09-29,25.1,20.3,4.3
2019-09-30,25.0,20.2,3.0
2019-10-01,25.1,19.7,3.4
2019-10-02,26.7,18.5,1.3
2019-10-03,28.0,18.7,0.8
2019-10-04,27.2,19.1,0.0
2019-10-05,27.7,17.8,0.0
2019-10-06,28.7,18.0,0.0
2019-10-07,27.5,19.2,0.0
2019-10-08,27.9,18.6,0.0
2019-10-09,26.1,17.7,0.0
2019-10-10,26.6,17.2,0.1
2019-10-11,27.0,17.7,0.0
2019-10-12,27.1,17.4,0.0
2019-10-13,27.1,17.2,0.0
2019-10-14,27.3,17.1,0.0
2019-10-15,26.9,17.8,0.0
2019-10-16,27.2,17.6,0.2
2019-10-17,26.7,17.2,0.0
2019-10-18,27.4,17.6,0.0
2019-10-19,27.3,16.4,0.0
2019-10-20,27.8,15.5,0.0
2019-10-21,26.9,14.7,0.0
2019-10-22,27.1,14.1,0.0
2019-10-23,26.6,15.3,0.0
2019-10-24,25.9,15.4,0.0
2019-10-25,24.4,15.5,0.2
2019-10-26,24.5,15.8,0.4
2019-10-27,25.8,15.0,0.0
2019-10-28,26.5,16.2,0.0
2019-10-29,25.2,17.0,0.0
2019-10-30,25.0,17.6,0.0
2019-10-31,26.4,16.0,0.0
2019-11-01,26.5,15.5,0.0
2019-11-02,26.9,16.1,0.2
2019-11-03,26.0,15.5,0.0
2019-11-04,25.5,13.9,0.0
2019-11-05,25.2,13.8,0.0
2019-11-06,25.3,13.7,0.0
2019-11-07,21.8,14.6,2.5
2019-11-08,24.6,13.5,0.4
2019-11-09,26.5,13.4,0.0
2019-11-10,23.8,14.6,0.0
2019-11-11,22.2,12.6,0.0
2019-11-12,24.6,13.1,0.0
2019-11-13,23.7,12.8,0.0
2019-11-14,22.9,14.8,0.0
2019-11-15,23.3,15.0,0.1
2019-11-16,26.5,13.3,0.0
2019-11-17,25.4,11.6,0.0
2019-11-18,21.2,12.4,0.0
2019-11-19,22.0,11.1,0.0
2019-11-20,21.9,12.1,0.0
2019-11-21,21.2,11.7,0.0
2019-11-22,22.2,13.4,0.0
2019-11-23,23.6,14.7,0.1
2019-11-24,23.9,12.5,0.0
2019-11-25,22.2,10.3,0.0
2019-11-26,23.3,10.0,0.0
2019-11-27,19.6,14.4,2.1
2019-11-28,20.2,11.9,2.0
2019-11-29,20.9,11.0,0.0
2019-11-30,21.5,10.1,0.0
2019-12-01,20.8,8.7,0.0
2019-12-02,19.6,8.2,0.0
2019-12-03,20.4,7.6,0.0
2019-12-04,19.3,8.5,0.0
2019-12-05,19.7,10.0,0.0
2019-12-06,22.5,8.9,0.0
2019-12-07,21.2,10.7,0.0
2019-12-08,20.3,9.4,0.0
2019-12-09,19.0,8.7,0.0
2019-12-10,18.8,9.3,0.0
2019-12-11,18.0,8.1,0.0
2019-12-12,16.2,11.7,5.7
2019-12-13,13.8,10.1,20.4
2019-12-14,15.0,7.0,0.4
2019-12-15,17.0,7.5,0.0
2019-12-16,18.1,6.6,0.0
2019-12-17,17.4,6.1,0.0
2019-12-18,16.0,5.5,0.0
2019-12-19,13.3,6.1,0.0
2019-12-20,17.0,7.6,1.7
2019-12-21,18.6,8.5,0.2
2019-12-22,18.4,6.9,0.0
2019-12-23,18.2,6.8,0.0
2019-12-24,16.3,5.3,0.0
2019-12-25,16.3,4.8,0.0
2019-12-26,13.4,3.6,0.0
2019-12-27,14.7,3.6,0.0
2019-12-28,13.7,4.5,0.0
2019-12-29,16.3,5.3,0.0
2019-12-30,15.9,6.2,0.0
2019-12-31,15.7,5.2,0.0
2020-01-01,16.6,5.0,0.0
2020-01-02,18.1,4.9,0.0
2020-01-03,16.6,7.5,0.1
2020-01-04,14.5,5.3,0.2
2020-01-05,14.7,2.6,0.0
2020-01-06,15.2,7.9,8.2
2020-01-07,11.8,9.2,25.6
2020-01-08,12.1,8.0,34.6
2020-01-09,13.8,4.1,0.0
2020-01-10,15.8,2.9,0.0
2020-01-11,16.3,4.3,0.0
2020-01-12,19.5,7.5,0.0
2020-01-13,16.2,10.4,15.9
2020-01-14,16.9,8.3,4.1
2020-01-15,17.3,8.5,0.4
2020-01-16,14.5,7.8,5.5
2020-01-17,12.9,7.5,4.7
2020-01-18,14.6,6.0,0.4
2020-01-19,16.5,4.6,0.0
2020-01-20,16.5,4.6,0.0
2020-01-21,16.7,6.5,0.0
2020-01-22,18.6,5.5,0.0
2020-01-23,16.1,6.9,0.0
2020-01-24,17.9,4.1,0.0
2020-01-25,14.9,6.3,0.3
2020-01-26,17.2,6.4,0.0
2020-01-27,15.1,6.8,1.2
2020-01-28,16.0,7.8,9.7
2020-01-29,15.9,7.6,5.8
2020-01-30,15.9,5.3,0.0
2020-01-31,16.0,5.1,0.0
2020-02-01,14.5,4.5,0.0
2020-02-02,16.3,3.3,0.0
2020-02-03,17.2,5.0,0.0
2020-02-04,15.4,5.0,0.0
2020-02-05,16.8,5.3,0.0
2020-02-06,15.3,5.0,0.0
2020-02-07,14.3,5.0,0.0
2020-02-08,17.0,4.0,0.0
2020-02-09,18.5,5.5,0.0
2020-02-10,18.0,6.6,0.0
2020-02-11,18.6,6.0,0.0
2020-02-12,20.7,9.0,0.0
2020-02-13,24.7,11.4,0.0
2020-02-14,21.6,10.7,0.0
2020-02-15,21.4,9.3,0.0
2020-02-16,21.2,10.1,0.0
2020-02-17,21.6,9.7,0.0
2020-02-18,22.2,8.9,0.0
2020-02-19,20.1,10.5,0.0
2020-02-20,23.7,9.6,0.1
2020-02-21,17.0,12.1,11.5
2020-02-22,21.3,8.6,0.0
2020-02-23,20.3,10.3,2.4
2020-02-24,22.8,9.6,0.0
2020-02-25,19.7,10.7,0.0
2020-02-26,20.0,9.5,0.1
2020-02-27,21.1,9.9,0.2
2020-02-28,21.3,10.8,0.0
2020-02-29,20.4,11.9,5.9
2020-03-01,22.2,9.8,0.2
2020-03-02,22.4,10.5,0.2
2020-03-03,22.8,11.3,0.0
2020-03-04,22.5,11.6,0.0
2020-03-05,19.0,12.1,4.4
2020-03-06,16.5,11.2,19.6
2020-03-07,15.3,10.0,12.5
2020-03-08,21.1,7.8,0.0
2020-03-09,22.7,9.0,0.0
2020-03-10,21.4,9.4,0.0
2020-03-11,21.1,11.3,3.9
2020-03-12,22.3,13.7,38.4
2020-03-13,19.3,11.7,9.3
2020-03-14,19.9,9.8,1.6
2020-03-15,19.3,9.3,0.4
2020-03-16,23.3,9.9,0.0
2020-03-17,23.6,10.3,0.0
2020-03-18,23.8,11.6,0.0
2020-03-19,23.5,12.3,0.0
2020-03-20,24.5,10.9,0.0
2020-03-21,24.9,12.8,0.2
2020-03-22,24.5,11.8,0.0
2020-03-23,25.7,11.4,0.0
2020-03-24,26.3,14.6,0.9
2020-03-25,26.3,13.7,0.2
2020-03-26,26.0,15.0,0.0
2020-03-27,21.1,14.8,12.5
2020-03-28,24.6,12.4,1.7
2020-03-29,25.0,12.2,0.0
2020-03-30,25.9,10.3,0.0
2020-03-31,27.4,13.3,0.0
2020-04-01,27.0,13.7,0.0
2020-04-02,25.5,12.4,0.6
2020-04-03,25.6,11.8,0.0
2020-04-04,26.7,13.5,0.0
2020-04-05,27.6,14.2,0.0
2020-04-06,28.4,12.6,0.0
2020-04-07,28.5,13.3,0.0
2020-04-08,26.7,14.5,0.3
2020-04-09,28.5,13.3,0.0
2020-04-10,28.8,15.3,0.0
2020-04-11,30.9,14.5,0.0
2020-04-12,31.2,17.0,0.0
2020-04-13,31.9,18.1,0.0
2020-04-14,30.5,19.2,0.0
2020-04-15,32.9,19.9,0.1
2020-04-16,32.2,18.4,0.0
2020-04-17,29.7,20.6,0.0
2020-04-18,29.9,18.2,0.3
2020-04-19,29.7,16.4,0.0
2020-04-20,29.2,16.9,0.6
2020-04-21,27.3,16.8,0.4
2020-04-22,27.9,15.7,0.0
2020-04-23,30.2,16.6,0.0
2020-04-24,29.8,19.2,0.0
2020-04-25,30.8,18.2,0.9
2020-04-26,26.5,18.6,18.3
2020-04-27,25.4,16.6,5.1
2020-04-28,27.4,16.2,0.0
2020-04-29,25.6,18.0,3.4
2020-04-30,26.5,17.1,5.1
2020-05-01,29.4,17.3,0.9
2020-05-02,29.2,19.0,1.4
2020-05-03,27.0,19.3,9.6
2020-05-04,29.0,19.4,0.3
2020-05-05,29.2,18.1,0.1
2020-05-06,27.5,17.3,7.7
2020-05-07,28.2,15.5,0.3
2020-05-08,29.3,15.7,0.0
2020-05-09,29.6,18.1,0.1
2020-05-10,29.2,19.5,6.5
2020-05-11,30.2,17.5,4.6
2020-05-12,29.0,17.4,0.1
2020-05-13,28.2,19.4,0.0
2020-05-14,31.5,18.8,0.0
2020-05-15,33.0,19.5,0.0
2020-05-16,33.0,21.0,0.0
2020-05-17,33.6,20.6,0.0
2020-05-18,34.1,18.7,0.0
2020-05-19,34.3,16.7,0.0
2020-05-20,34.5,18.7,0.0
2020-05-21,35.2,19.7,0.0
2020-05-22,35.0,21.6,0.0
2020-05-23,33.9,21.7,0.5
2020-05-24,36.6,22.0,0.0
2020-05-25,36.8,21.7,0.0
2020-05-26,37.8,21.4,0.0
2020-05-27,37.4,21.6,0.0
2020-05-28,33.7,24.0,0.1
2020-05-29,29.2,23.2,3.6
2020-05-30,28.4,20.9,2.1
2020-05-31,27.0,20.3,6.7
2020-06-01,28.5,18.7,2.2
2020-06-02,30.3,18.6,0.0
2020-06-03,30.4,20.2,0.5
2020-06-04,31.2,20.3,4.9
2020-06-05,28.7,19.8,2.4
2020-06-06,29.5,20.1,0.2
2020-06-07,30.8,21.1,0.3
2020-06-08,31.8,22.4,0.0
2020-06-09,33.4,23.4,0.0
2020-06-10,33.9,23.9,0.0
2020-06-11,32.6,24.5,0.5
2020-06-12,31.4,24.4,3.5
2020-06-13,32.3,23.4,2.4
2020-06-14,33.1,23.0,1.0
2020-06-15,32.5,23.9,1.9
2020-06-16,33.5,23.5,0.0
2020-06-17,32.4,23.6,1.9
2020-06-18,32.8,24.0,2.5
2020-06-19,33.4,24.7,1.6
2020-06-20,33.7,23.4,3.2
2020-06-21,31.0,22.9,3.7
2020-06-22,30.8,22.6,0.2
2020-06-23,31.5,23.5,5.1
2020-06-24,30.5,24.1,4.1
2020-06-25,30.9,23.0,2.0
2020-06-26,31.7,22.7,1.9
2020-06-27,34.1,23.3,0.1
2020-06-28,34.4,24.0,1.5
2020-06-29,30.4,25.1,6.2
2020-06-30,31.8,23.7,2.7
2020-07-01,30.9,23.9,4.4
2020-07-02,31.4,23.9,5.0
2020-07-03,30.7,24.5,4.7
2020-07-04,30.1,24.0,60.0
2020-07-05,29.7,23.1,1.2
2020-07-06,31.6,22.4,2.4
2020-07-07,27.9,22.5,2.3
2020-07-08,29.3,23.5,37.9
2020-07-09,30.2,23.6,2.1
2020-07-10,29.9,23.4,5.7
2020-07-11,29.3,23.1,8.8
2020-07-12,31.3,22.7,5.5
2020-07-13,32.2,21.8,0.6
2020-07-14,31.3,23.7,3.1
2020-07-15,29.7,23.9,10.8
2020-07-16,29.3,23.9,6.3
2020-07-17,30.2,24.2,4.4
2020-07-18,30.2,24.6,7.1
2020-07-19,31.0,24.4,14.3
2020-07-20,29.0,23.8,9.8
2020-07-21,28.5,21.8,5.6
2020-07-22,27.5,21.5,0.3
2020-07-23,29.2,21.3,1.9
2020-07-24,29.8,22.7,3.7
2020-07-25,29.2,23.4,1.0
2020-07-26,31.0,23.6,1.7
2020-07-27,28.6,23.9,13.2
2020-07-28,29.2,24.1,9.6
2020-07-29,28.6,23.3,73.2
2020-07-30,27.0,22.7,81.5
2020-07-31,29.9,23.0,8.0
2020-08-01,28.8,23.2,10.4
2020-08-02,29.0,23.2,6.0
2020-08-03,29.5,24.3,5.3
2020-08-04,33.2,23.9,0.3
2020-08-05,33.1,25.9,1.1
2020-08-06,32.4,25.8,0.4
2020-08-07,30.2,25.2,3.3
2020-08-08,31.5,24.3,9.4
2020-08-09,28.6,23.7,21.2
2020-08-10,27.6,23.7,33.8
2020-08-11,29.8,24.2,45.2
2020-08-12,28.1,23.9,18.4
2020-08-13,28.8,23.4,71.5
2020-08-14,29.4,23.7,1.7
2020-08-15,29.9,24.1,6.2
2020-08-16,29.1,24.0,8.7
2020-08-17,28.5,24.5,4.2
2020-08-18,29.8,23.3,11.5
2020-08-19,26.0,23.1,19.8
2020-08-20,27.8,22.4,6.0
2020-08-21,28.5,23.3,3.6
2020-08-22,28.2,23.7,1.3
2020-08-23,29.9,23.0,7.0
2020-08-24,29.5,23.7,3.7
2020-08-25,29.9,23.7,4.4
2020-08-26,30.2,23.4,9.6
2020-08-27,27.9,23.5,20.1
2020-08-28,28.9,22.7,2.3
2020-08-29,30.0,22.4,0.1
2020-08-30,28.6,23.3,4.1
2020-08-31,29.1,22.5,2.6
2020-09-01,30.5,22.3,0.4
2020-09-02,30.5,23.0,1.2
2020-09-03,28.2,24.0,3.9
2020-09-04,30.9,23.1,1.4
2020-09-05,28.7,22.7,3.2
2020-09-06,29.6,22.3,3.7
2020-09-07,29.6,22.7,1.4
2020-09-08,30.1,22.7,0.6
2020-09-09,30.7,22.9,0.2
2020-09-10,30.3,23.0,0.0
2020-09-11,30.6,22.7,0.2
2020-09-12,29.6,23.3,0.2
2020-09-13,29.5,23.1,5.1
2020-09-14,29.6,22.5,1.2
2020-09-15,29.1,22.7,2.9
2020-09-16,29.8,23.6,3.4
2020-09-17,31.1,22.8,0.4
2020-09-18,30.9,23.1,0.5
2020-09-19,30.8,22.6,0.3
2020-09-20,31.7,22.8,0.0
2020-09-21,32.1,22.6,0.0
2020-09-22,30.1,23.2,3.9
2020-09-23,29.1,22.2,4.9
2020-09-24,29.7,21.9,1.1
2020-09-25,30.1,21.5,0.0
2020-09-26,30.2,20.5,0.0
2020-09-27,30.0,18.8,0.0
2020-09-28,30.6,19.4,0.0
2020-09-29,30.0,19.0,0.0
2020-09-30,29.8,19.9,0.0
2020-10-01,30.2,19.7,0.0
2020-10-02,30.0,18.8,0.0
2020-10-03,30.2,19.3,0.0
2020-10-04,29.9,19.2,0.0
2020-10-05,30.1,19.1,0.0
2020-10-06,30.2,18.8,0.0
2020-10-07,29.9,18.9,0.0
2020-10-08,30.3,18.4,0.0
2020-10-09,29.7,18.7,0.0
2020-10-10,29.8,17.9,0.0
2020-10-11,29.5,19.9,0.0
2020-10-12,29.0,18.5,0.0
2020-10-13,28.8,18.9,0.0
2020-10-14,29.4,17.9,0.0
2020-10-15,29.5,17.3,0.0
2020-10-16,28.0,18.4,0.0
2020-10-17,28.0,17.2,0.0
2020-10-18,28.5,16.4,0.0
2020-10-19,28.4,16.8,0.0
2020-10-20,28.0,15.6,0.0
2020-10-21,27.6,15.3,0.0
2020-10-22,27.5,14.4,0.0
2020-10-23,27.3,14.9,0.0
2020-10-24,26.1,13.9,0.0
2020-10-25,27.0,13.0,0.0
2020-10-26,26.6,12.9,0.0
2020-10-27,26.0,12.9,0.0
2020-10-28,26.0,12.6,0.0
2020-10-29,25.8,12.4,0.0
2020-10-30,26.1,12.5,0.0
2020-10-31,26.6,14.3,0.0
2020-11-01,25.7,14.9,0.0
2020-11-02,24.6,14.6,0.0
2020-11-03,23.8,13.9,0.0
2020-11-04,24.1,13.2,0.0
2020-11-05,24.8,11.8,0.0
2020-11-06,24.5,11.2,0.0
2020-11-07,23.6,11.0,0.0
2020-11-08,22.9,11.3,0.0
2020-11-09,24.2,13.3,0.0
2020-11-10,24.1,12.5,0.0
2020-11-11,24.0,12.4,0.0
2020-11-12,23.4,13.0,0.0
2020-11-13,22.7,12.8,0.0
2020-11-14,22.7,11.1,0.0
2020-11-15,22.2,13.6,0.9
2020-11-16,20.8,11.0,3.8
2020-11-17,22.1,9.9,0.0
2020-11-18,20.8,10.0,0.0
2020-11-19,19.4,9.3,0.0
2020-11-20,20.9,8.0,0.0
2020-11-21,19.1,7.7,0.0
2020-11-22,19.7,7.3,0.0
2020-11-23,19.5,9.8,0.0
2020-11-24,19.6,8.0,0.0
2020-11-25,17.7,12.5,0.9
2020-11-26,18.4,10.6,0.4
2020-11-27,22.8,7.1,0.0
2020-11-28,22.0,9.7,0.0
2020-11-29,19.0,10.7,0.0
2020-11-30,21.1,10.6,0.0
2020-12-01,20.0,11.4,0.0
2020-12-02,20.8,10.6,0.0
2020-12-03,19.4,10.7,0.0
2020-12-04,19.7,8.6,0.0
2020-12-05,21.2,10.4,0.0
2020-12-06,22.7,12.3,0.0
2020-12-07,21.8,9.7,0.0
2020-12-08,21.3,12.0,0.0
2020-12-09,22.5,11.1,0.0
2020-12-10,23.2,12.3,0.0
2020-12-11,22.9,9.9,0.0
2020-12-12,18.7,9.8,3.3
2020-12-13,18.7,8.4,0.0
2020-12-14,17.3,7.3,0.0
2020-12-15,17.9,6.5,0.0
2020-12-16,16.9,5.7,0.0
2020-12-17,16.7,4.3,0.0
2020-12-18,16.2,6.9,0.0
2020-12-19,17.2,4.5,0.0
2020-12-20,18.2,6.7,0.0
2020-12-21,17.2,5.8,0.0
2020-12-22,19.8,7.3,0.0
2020-12-23,19.6,7.4,0.0
2020-12-24,18.2,6.6,0.0
2020-12-25,18.0,4.9,0.0
2020-12-26,19.4,7.4,0.0
2020-12-27,16.6,8.9,1.0
2020-12-28,14.8,6.7,3.9
2020-12-29,16.6,5.6,0.0
2020-12-30,16.6,6.0,0.0
2020-12-31,17.8,4.9,0.0
2021-01-01,16.4,6.2,0.0
2021-01-02,18.0,7.0,0.4
2021-01-03,19.6,8.1,1.5
2021-01-04,19.6,10.1,2.4
2021-01-05,17.4,11.2,4.0
2021-01-06,17.8,10.4,1.8
2021-01-07,20.2,8.1,0.0
2021-01-08,19.7,8.6,0.0
2021-01-09,22.6,9.2,0.0
2021-01-10,19.8,8.9,0.0
2021-01-11,17.5,7.2,0.0
2021-01-12,16.8,6.1,0.0
2021-01-13,15.1,4.1,0.0
2021-01-14,14.9,5.4,0.0
2021-01-15,16.1,7.3,0.0
2021-01-16,17.4,6.4,0.0
2021-01-17,15.6,8.1,0.0
2021-01-18,19.3,6.5,0.0
2021-01-19,19.8,7.5,0.0
2021-01-20,17.9,7.7,0.0
2021-01-21,17.5,5.1,0.0
2021-01-22,15.7,8.2,0.0
2021-01-23,18.1,9.2,0.0
2021-01-24,17.2,6.6,0.0
2021-01-25,17.3,6.9,0.0
2021-01-26,17.1,5.6,0.0
2021-01-27,17.9,4.7,0.0
2021-01-28,16.5,4.4,0.0
2021-01-29,16.5,4.7,0.0
2021-01-30,16.6,4.6,0.0
2021-01-31,17.0,5.1,0.0
2021-02-01,17.7,6.0,0.0
2021-02-02,20.4,6.3,0.0
2021-02-03,19.6,8.4,0.2
2021-02-04,18.1,10.0,2.9
2021-02-05,17.6,6.2,0.6
2021-02-06,18.1,5.1,0.0
2021-02-07,19.8,5.6,0.0
2021-02-08,20.0,8.5,0.0
2021-02-09,20.8,9.6,0.0
2021-02-10,20.9,8.6,0.0
2021-02-11,21.9,8.7,0.0
2021-02-12,21.1,9.6,0.0
2021-02-13,21.4,9.7,0.2
2021-02-14,21.3,11.2,0.4
2021-02-15,22.3,9.9,0.0
2021-02-16,22.9,8.3,0.0
2021-02-17,23.0,9.3,0.0
2021-02-18,22.8,9.3,0.0
2021-02-19,23.2,10.4,0.0
2021-02-20,23.2,10.5,0.0
2021-02-21,23.1,11.1,0.0
2021-02-22,24.2,11.8,0.0
2021-02-23,25.2,12.5,0.0
2021-02-24,26.4,12.2,0.0
2021-02-25,26.9,12.9,0.0
2021-02-26,27.2,11.7,0.0
2021-02-27,25.1,14.6,1.2
2021-02-28,24.9,12.4,0.0
2021-03-01,23.1,9.4,0.0
2021-03-02,23.7,8.9,0.0
2021-03-03,25.0,11.5,0.0
2021-03-04,25.2,10.8,0.0
2021-03-05,26.6,11.9,0.0
2021-03-06,26.1,12.1,0.0
2021-03-07,27.4,12.5,0.3
2021-03-08,25.8,14.4,2.3
2021-03-09,27.6,12.2,0.0
2021-03-10,27.1,13.4,0.0
2021-03-11,27.7,13.3,0.0
2021-03-12,25.3,13.2,0.2
2021-03-13,26.9,12.7,0.0
2021-03-14,25.6,12.9,0.0
2021-03-15,27.2,12.7,0.0
2021-03-16,27.1,13.0,0.0
2021-03-17,27.6,13.9,0.0
2021-03-18,28.6,13.4,0.0
2021-03-19,28.9,14.5,0.0
2021-03-20,27.9,13.6,0.0
2021-03-21,27.5,13.8,0.0
2021-03-22,25.2,15.9,0.0
2021-03-23,27.3,15.7,0.0
2021-03-24,26.6,11.8,0.0
2021-03-25,25.6,12.0,0.0
2021-03-26,26.9,11.8,0.0
2021-03-27,28.0,14.1,0.0
2021-03-28,29.0,15.4,0.0
2021-03-29,29.9,16.8,0.0
2021-03-30,30.8,14.9,0.0
2021-03-31,27.9,15.1,0.0
2021-04-01,27.1,12.7,0.0
2021-04-02,27.0,10.2,0.0
2021-04-03,27.9,9.0,0.0
2021-04-04,30.1,11.8,0.0
2021-04-05,30.5,20.6,0.1
2021-04-06,29.2,18.4,0.0
2021-04-07,28.5,16.4,0.1
2021-04-08,30.2,14.9,0.0
2021-04-09,30.3,14.6,0.0
2021-04-10,31.1,13.8,0.0
2021-04-11,32.2,15.9,0.0
2021-04-12,31.1,14.8,0.0
2021-04-13,32.5,14.9,0.0
2021-04-14,34.0,16.9,0.0
2021-04-15,33.5,17.2,0.0
2021-04-16,33.6,18.2,0.0
2021-04-17,27.3,19.1,2.8
2021-04-18,29.3,15.0,0.0
2021-04-19,31.5,13.3,0.0
2021-04-20,26.9,14.6,0.5
2021-04-21,25.8,18.3,2.7
2021-04-22,24.7,15.0,7.8
2021-04-23,27.1,13.6,4.1
2021-04-24,27.8,12.7,0.0
2021-04-25,31.4,12.4,0.0
2021-04-26,32.9,16.1,0.0
2021-04-27,34.2,18.2,0.0
2021-04-28,35.3,17.5,0.0
2021-04-29,33.8,19.0,0.0
2021-04-30,34.1,19.1,0.0
2021-05-01,30.7,20.5,0.0
2021-05-02,31.7,18.5,0.0
2021-05-03,31.3,20.2,0.4
2021-05-04,31.4,19.9,0.6
2021-05-05,29.0,21.2,1.6
2021-05-06,30.1,19.5,10.1
2021-05-07,28.5,18.4,0.8
2021-05-08,30.7,18.1,0.7
2021-05-09,29.8,19.4,0.9
2021-05-10,28.5,19.0,0.2
2021-05-11,30.6,19.5,0.6
2021-05-12,28.1,19.8,3.3
2021-05-13,25.7,17.3,5.8
2021-05-14,29.5,15.8,0.0
2021-05-15,31.1,18.3,0.0
2021-05-16,33.6,18.0,0.0
2021-05-17,34.7,20.4,0.0
2021-05-18,29.1,22.2,0.3
2021-05-19,22.1,19.6,27.2
2021-05-20,22.9,19.2,32.2
2021-05-21,29.3,16.9,0.0
2021-05-22,31.0,16.8,0.0
2021-05-23,31.4,19.4,0.0
2021-05-24,31.6,18.6,0.0
2021-05-25,34.0,18.7,0.0
2021-05-26,33.0,19.6,0.0
2021-05-27,32.7,20.5,0.0
2021-05-28,32.1,21.3,0.0
2021-05-29,31.8,21.9,3.7
2021-05-30,31.1,21.0,2.8
2021-05-31,32.4,22.0,1.7
2021-06-01,30.2,20.7,3.7
2021-06-02,29.8,20.4,0.0
2021-06-03,31.7,20.0,0.0
2021-06-04,33.4,21.4,0.0
2021-06-05,33.3,21.6,0.0
2021-06-06,32.9,22.5,0.0
2021-06-07,32.9,22.8,0.0
2021-06-08,35.3,23.8,0.0
2021-06-09,33.9,26.0,1.7
2021-06-10,29.3,22.1,25.4
2021-06-11,30.4,22.2,8.1
2021-06-12,29.7,23.0,4.9
2021-06-13,31.2,22.2,2.2
2021-06-14,31.2,21.9,1.4
2021-06-15,31.6,22.5,1.3
2021-06-16,28.8,22.0,4.1
2021-06-17,29.2,21.6,9.1
2021-06-18,25.3,22.2,17.2
2021-06-19,27.1,21.8,44.2
2021-06-20,28.5,21.7,55.4
2021-06-21,30.5,21.7,0.7
2021-06-22,31.8,22.8,0.0
2021-06-23,31.8,23.3,0.2
2021-06-24,29.9,22.0,2.6
2021-06-25,30.9,21.8,3.6
2021-06-26,30.4,21.7,0.2
2021-06-27,31.8,22.3,0.1
2021-06-28,31.4,23.4,1.0
2021-06-29,34.2,23.3,0.3
2021-06-30,35.7,23.9,0.0
2021-07-01,34.2,24.4,0.0
2021-07-02,32.4,24.8,2.0
2021-07-03,31.0,23.8,1.3
2021-07-04,31.9,23.3,1.0
2021-07-05,32.0,22.9,1.0
2021-07-06,33.2,24.6,0.8
2021-07-07,34.9,24.6,0.0
2021-07-08,32.8,24.2,2.8
2021-07-09,31.4,23.5,2.0
2021-07-10,30.6,24.3,9.2
2021-07-11,30.6,24.7,7.7
2021-07-12,30.1,23.6,10.1
2021-07-13,29.5,24.0,2.1
2021-07-14,29.8,23.1,1.8
2021-07-15,29.1,23.6,0.1
2021-07-16,31.1,23.8,2.4
2021-07-17,31.1,24.3,9.5
2021-07-18,27.3,23.5,30.1
2021-07-19,25.8,23.1,43.8
2021-07-20,27.4,23.0,11.6
2021-07-21,29.9,23.1,2.5
2021-07-22,28.9,23.5,8.1
2021-07-23,30.9,23.9,0.2
2021-07-24,30.5,24.9,0.1
2021-07-25,31.1,24.8,2.0
2021-07-26,29.1,24.4,9.8
2021-07-27,28.8,24.3,16.8
2021-07-28,25.6,23.4,32.3
2021-07-29,27.7,23.5,2.1
2021-07-30,30.2,23.7,4.5
2021-07-31,29.5,23.9,5.9
2021-08-01,30.1,23.6,3.1
2021-08-02,29.7,23.7,4.5
2021-08-03,30.2,24.1,7.7
2021-08-04,28.9,23.7,25.5
2021-08-05,27.9,23.5,16.5
2021-08-06,31.8,22.9,4.0
2021-08-07,30.6,24.1,16.9
2021-08-08,29.8,23.8,4.6
2021-08-09,29.1,23.3,7.1
2021-08-10,30.6,23.3,2.4
2021-08-11,30.8,22.4,1.6
2021-08-12,29.5,23.5,5.4
2021-08-13,29.3,22.9,9.5
2021-08-14,29.5,23.0,6.3
2021-08-15,30.1,22.7,1.7
2021-08-16,31.2,22.1,0.3
2021-08-17,31.5,22.0,0.0
2021-08-18,30.0,23.7,2.5
2021-08-19,29.1,23.4,7.7
2021-08-20,26.1,23.6,9.5
2021-08-21,28.6,23.3,2.5
2021-08-22,29.2,22.9,4.5
2021-08-23,30.0,23.0,4.0
2021-08-24,28.8,23.5,13.1
2021-08-25,28.2,24.2,23.8
2021-08-26,28.8,24.0,10.5
2021-08-27,29.4,23.2,9.0
2021-08-28,26.7,22.8,26.7
2021-08-29,29.4,22.2,7.1
2021-08-30,28.6,22.2,2.3
2021-08-31,28.4,22.0,1.9
2021-09-01,27.3,22.2,5.5
2021-09-02,29.8,22.5,2.0
2021-09-03,28.5,22.0,1.3
2021-09-04,27.7,22.7,2.3
2021-09-05,30.1,22.2,0.3
2021-09-06,30.4,22.7,0.4
2021-09-07,28.3,23.0,16.9
2021-09-08,28.3,23.3,0.8
2021-09-09,29.2,22.7,3.5
2021-09-10,28.0,22.8,5.2
2021-09-11,27.4,23.2,3.6
2021-09-12,28.3,22.9,0.8
2021-09-13,29.8,23.2,1.7
2021-09-14,30.6,22.3,3.1
2021-09-15,30.8,22.2,4.9
2021-09-16,31.2,22.6,9.3
2021-09-17,30.5,22.6,0.5
2021-09-18,29.6,22.0,0.1
2021-09-19,29.6,23.1,4.0
2021-09-20,29.3,23.3,5.9
2021-09-21,28.5,22.4,4.0
2021-09-22,26.3,22.0,3.8
2021-09-23,27.2,22.1,9.3
2021-09-24,29.2,22.4,0.7
2021-09-25,28.8,20.9,0.6
2021-09-26,28.6,20.9,2.5
2021-09-27,30.3,20.6,0.3
2021-09-28,29.6,21.7,1.0
2021-09-29,28.5,21.2,2.9
2021-09-30,28.9,21.5,3.9
2021-10-01,28.4,21.7,8.6
2021-10-02,29.4,21.1,0.2
2021-10-03,28.5,21.4,0.5
2021-10-04,28.9,21.1,0.1
2021-10-05,28.3,20.6,0.2
2021-10-06,28.9,19.8,0.3
2021-10-07,28.4,19.7,0.0
2021-10-08,29.0,19.6,0.1
2021-10-09,29.1,18.7,0.0
2021-10-10,29.4,18.5,0.0
2021-10-11,29.7,17.6,0.0
2021-10-12,30.2,17.9,0.0
2021-10-13,29.5,17.0,0.0
2021-10-14,30.7,17.5,0.0
2021-10-15,31.7,17.9,0.0
2021-10-16,31.5,18.6,0.0
2021-10-17,26.1,19.8,9.5
2021-10-18,20.6,18.3,67.8
2021-10-19,26.2,17.4,0.0
2021-10-20,25.9,16.5,0.0
2021-10-21,26.6,16.7,0.0
2021-10-22,25.9,15.8,0.0
2021-10-23,26.1,14.8,0.0
2021-10-24,23.0,16.0,0.0
2021-10-25,24.6,13.1,0.0
2021-10-26,24.2,13.1,0.0
2021-10-27,24.4,13.4,0.0
2021-10-28,25.6,12.5,0.0
2021-10-29,25.1,13.4,0.0
2021-10-30,24.6,13.5,0.0
2021-10-31,23.9,12.9,0.0
2021-11-01,23.3,11.7,0.0
2021-11-02,24.5,13.5,0.0
2021-11-03,24.4,10.7,0.0
2021-11-04,24.1,11.7,0.0
2021-11-05,23.7,11.2,0.0
2021-11-06,23.3,11.1,0.0
2021-11-07,23.0,11.4,0.0
2021-11-08,23.5,11.5,0.0
2021-11-09,23.0,11.6,0.0
2021-11-10,23.7,11.0,0.0
2021-11-11,23.8,11.2,0.0
2021-11-12,23.3,11.3,0.0
2021-11-13,23.0,11.3,0.0
2021-11-14,22.0,10.3,0.0
2021-11-15,21.6,10.9,0.0
2021-11-16,22.4,9.4,0.0
2021-11-17,21.6,9.5,0.0
2021-11-18,21.6,9.7,0.0
2021-11-19,22.5,9.8,0.0
2021-11-20,23.6,10.1,0.0
2021-11-21,23.9,10.0,0.0
2021-11-22,22.2,11.1,0.0
2021-11-23,20.9,9.9,0.0
2021-11-24,20.1,9.1,0.0
2021-11-25,20.7,9.1,0.0
2021-11-26,20.3,8.7,0.0
2021-11-27,20.6,9.4,0.0
2021-11-28,21.6,8.0,0.0
2021-11-29,21.6,8.6,0.0
2021-11-30,21.6,8.4,0.0
2021-12-01,19.3,11.3,0.0
2021-12-02,20.5,12.8,0.3
2021-12-03,20.6,12.7,0.8
2021-12-04,22.2,10.7,0.0
2021-12-05,20.5,10.8,0.0
2021-12-06,18.5,9.3,2.7
2021-12-07,20.4,7.2,0.0
2021-12-08,21.2,8.6,0.0
2021-12-09,19.9,8.5,0.0
2021-12-10,19.7,8.2,0.0
2021-12-11,19.6,6.7,0.0
2021-12-12,18.2,8.2,0.0
2021-12-13,17.3,7.1,0.0
2021-12-14,17.4,5.8,0.0
2021-12-15,17.8,4.5,0.0
2021-12-16,16.8,3.9,0.0
2021-12-17,15.5,4.1,0.0
2021-12-18,15.0,2.6,0.0
2021-12-19,16.4,2.5,0.0
2021-12-20,15.6,5.2,0.0
2021-12-21,17.5,4.9,0.0
2021-12-22,18.9,5.5,0.0
2021-12-23,16.3,8.5,0.0
2021-12-24,18.4,5.6,0.0
2021-12-25,17.8,5.2,0.0
2021-12-26,15.8,5.9,0.1
2021-12-27,17.2,6.0,0.0
2021-12-28,16.6,5.0,0.4
2021-12-29,16.0,5.4,0.0
2021-12-30,16.2,4.0,0.0
2021-12-31,17.3,5.1,0.0
2022-01-01,17.3,5.1,0.0
2022-01-02,17.9,5.9,0.0
2022-01-03,19.1,6.8,0.0
2022-01-04,17.4,10.3,0.7
2022-01-05,15.0,9.7,7.3
2022-01-06,16.5,8.6,3.0
2022-01-07,14.8,7.5,2.0
2022-01-08,15.8,8.7,17.5
2022-01-09,15.8,8.5,22.1
2022-01-10,16.7,7.3,8.5
2022-01-11,17.5,5.9,0.0
2022-01-12,17.0,7.2,0.0
2022-01-13,16.1,6.1,0.0
2022-01-14,16.2,5.4,0.0
2022-01-15,16.5,4.2,0.0
2022-01-16,16.2,5.4,0.0
2022-01-17,13.9,7.1,0.3
2022-01-18,16.2,7.3,0.0
2022-01-19,17.0,6.4,2.1
2022-01-20,15.4,8.4,2.2
2022-01-21,16.3,7.6,0.0
2022-01-22,11.6,7.2,8.2
2022-01-23,11.5,8.4,14.8
2022-01-24,12.0,7.4,2.8
2022-01-25,15.0,4.9,0.2
2022-01-26,13.5,4.9,0.3
2022-01-27,14.2,3.3,0.0
2022-01-28,15.0,2.1,0.0
2022-01-29,15.8,4.4,0.0
2022-01-30,18.2,5.0,0.0
2022-01-31,16.7,7.6,0.0
2022-02-01,17.0,6.1,0.0
2022-02-02,16.0,4.6,0.4
2022-02-03,11.9,7.0,14.8
2022-02-04,10.0,7.1,18.3
2022-02-05,14.7,2.9,0.0
2022-02-06,16.7,4.7,0.0
2022-02-07,18.0,6.3,0.0
2022-02-08,18.9,6.3,0.3
2022-02-09,15.6,6.3,0.8
2022-02-10,16.0,4.8,0.0
2022-02-11,17.2,3.7,0.0
2022-02-12,18.9,4.9,0.0
2022-02-13,18.5,6.3,0.0
2022-02-14,19.1,6.5,0.0
2022-02-15,19.1,7.5,0.0
2022-02-16,19.6,6.7,0.0
2022-02-17,20.4,6.2,0.0
2022-02-18,20.6,5.8,0.0
2022-02-19,19.9,6.5,0.0
2022-02-20,19.6,6.9,0.0
2022-02-21,19.9,5.8,0.0
2022-02-22,22.1,8.6,0.2
2022-02-23,21.6,11.2,10.9
2022-02-24,20.9,9.2,0.4
2022-02-25,20.3,7.6,0.0
2022-02-26,15.4,9.7,16.1
2022-02-27,19.9,7.3,0.8
2022-02-28,21.5,5.9,0.0
2022-03-01,22.2,9.4,1.1
2022-03-02,23.3,9.7,0.0
2022-03-03,21.9,10.0,0.0
2022-03-04,22.9,9.7,0.0
2022-03-05,23.5,8.5,0.0
2022-03-06,21.9,13.1,0.0
2022-03-07,24.3,13.1,0.0
2022-03-08,26.4,11.0,0.0
2022-03-09,27.2,11.4,0.0
2022-03-10,26.6,11.2,0.0
2022-03-11,26.6,12.5,0.0
2022-03-12,27.5,12.2,0.0
2022-03-13,27.8,13.6,0.0
2022-03-14,28.3,14.7,0.0
2022-03-15,29.0,16.4,0.0
2022-03-16,29.9,16.8,0.0
2022-03-17,29.7,17.3,0.0
2022-03-18,30.7,17.8,0.0
2022-03-19,30.4,17.6,0.0
2022-03-20,32.2,17.3,0.1
2022-03-21,31.2,14.2,0.0
2022-03-22,29.9,13.9,0.0
2022-03-23,30.2,16.1,0.0
2022-03-24,29.3,14.6,0.0
2022-03-25,29.5,14.4,0.0
2022-03-26,28.5,13.9,0.0
2022-03-27,30.3,14.4,0.0
2022-03-28,30.8,15.2,0.0
2022-03-29,31.8,18.1,0.0
2022-03-30,31.1,14.6,0.0
2022-03-31,32.3,15.2,0.0
2022-04-01,31.0,15.8,0.0
2022-04-02,31.4,16.9,0.0
2022-04-03,32.9,15.0,0.0
2022-04-04,32.0,15.1,0.0
2022-04-05,31.9,15.7,0.0
2022-04-06,32.5,16.3,0.0
2022-04-07,33.5,17.3,0.0
2022-04-08,33.2,16.3,0.0
2022-04-09,32.8,17.2,0.0
2022-04-10,34.1,18.0,0.0
2022-04-11,34.1,17.6,0.0
2022-04-12,34.6,19.9,0.0
2022-04-13,32.0,19.8,0.0
2022-04-14,32.5,18.2,0.0
2022-04-15,31.8,16.6,0.0
2022-04-16,32.4,16.0,0.0
2022-04-17,33.0,15.9,0.0
2022-04-18,35.0,16.9,0.0
2022-04-19,35.5,19.3,0.0
2022-04-20,35.7,18.9,0.0
2022-04-21,29.9,19.3,0.1
2022-04-22,31.7,18.2,0.0
2022-04-23,33.3,16.1,0.0
2022-04-24,33.6,17.2,0.0
2022-04-25,35.3,18.4,0.0
2022-04-26,34.6,17.9,0.0
2022-04-27,34.8,18.0,0.0
2022-04-28,36.3,19.1,0.0
2022-04-29,37.7,19.8,0.0
2022-04-30,36.4,20.7,0.0
2022-05-01,32.2,20.9,0.0
2022-05-02,31.3,20.8,0.5
2022-05-03,31.0,21.6,1.5
2022-05-04,30.6,21.2,5.4
2022-05-05,31.7,18.2,0.0
2022-05-06,32.5,18.5,0.0
2022-05-07,31.1,20.4,0.4
2022-05-08,32.9,19.4,0.9
2022-05-09,31.0,20.4,2.1
2022-05-10,31.1,20.9,9.2
2022-05-11,33.3,21.0,0.1
2022-05-12,33.2,21.8,0.7
2022-05-13,36.8,22.1,0.0
2022-05-14,36.1,22.7,0.0
2022-05-15,37.6,22.2,0.0
2022-05-16,33.8,22.7,4.3
2022-05-17,32.7,20.4,0.0
2022-05-18,33.5,21.3,0.2
2022-05-19,35.0,20.6,0.0
2022-05-20,34.8,21.7,0.0
2022-05-21,35.7,21.9,0.0
2022-05-22,30.5,18.7,0.5
2022-05-23,28.4,18.4,10.2
2022-05-24,26.4,18.1,5.5
2022-05-25,30.6,18.0,0.0
2022-05-26,30.3,18.8,1.7
2022-05-27,31.0,20.1,1.3
2022-05-28,33.6,21.6,0.0
2022-05-29,33.2,22.1,0.0
2022-05-30,33.5,22.1,0.5
2022-05-31,34.7,20.9,0.0
2022-06-01,36.5,20.3,0.0
2022-06-02,37.6,21.1,0.0
2022-06-03,37.5,21.7,0.0
2022-06-04,38.4,21.0,0.0
2022-06-05,38.9,21.2,0.0
2022-06-06,39.0,22.2,0.0
2022-06-07,38.5,23.3,0.0
2022-06-08,38.8,24.9,0.0
2022-06-09,38.6,24.1,0.0
2022-06-10,38.4,24.7,0.0
2022-06-11,39.0,24.0,0.0
2022-06-12,38.2,25.2,0.0
2022-06-13,39.7,23.6,0.0
2022-06-14,39.2,24.7,0.0
2022-06-15,39.1,25.1,0.0
2022-06-16,35.6,25.6,0.4
2022-06-17,33.5,22.1,3.0
2022-06-18,28.0,21.7,21.1
2022-06-19,31.1,20.1,0.0
2022-06-20,30.7,20.7,0.8
2022-06-21,30.0,21.1,0.1
2022-06-22,32.6,20.8,0.0
2022-06-23,34.6,21.6,0.0
2022-06-24,34.4,22.6,0.0
2022-06-25,35.5,23.3,0.0
2022-06-26,34.2,24.7,0.5
2022-06-27,33.1,24.3,4.2
2022-06-28,33.2,23.8,10.6
2022-06-29,29.2,23.5,19.9
2022-06-30,25.1,22.7,67.8
2022-07-01,29.9,22.7,2.3
2022-07-02,30.3,23.7,2.9
2022-07-03,30.1,22.7,14.1
2022-07-04,30.8,23.7,19.2
2022-07-05,31.6,24.5,1.6
2022-07-06,31.8,24.0,7.0
2022-07-07,31.4,24.1,21.0
2022-07-08,31.1,24.3,25.2
2022-07-09,26.7,23.8,23.2
2022-07-10,28.9,23.5,2.7
2022-07-11,31.4,23.4,2.5
2022-07-12,29.5,24.1,10.4
2022-07-13,30.7,24.1,1.0
2022-07-14,31.3,23.1,2.8
2022-07-15,31.7,23.3,0.9
2022-07-16,32.6,23.7,1.4
2022-07-17,31.9,24.1,8.5
2022-07-18,31.8,23.7,1.2
2022-07-19,29.3,24.1,8.9
2022-07-20,29.0,22.7,43.4
2022-07-21,28.8,22.0,7.9
2022-07-22,29.6,22.8,9.6
2022-07-23,29.8,23.7,5.5
2022-07-24,30.8,23.3,2.0
2022-07-25,30.2,23.4,2.8
2022-07-26,29.1,23.6,2.4
2022-07-27,28.7,22.5,16.8
2022-07-28,28.8,23.2,10.3
2022-07-29,26.7,22.5,15.0
2022-07-30,27.5,22.5,21.0
2022-07-31,25.3,22.4,51.7
2022-08-01,28.1,22.5,16.2
2022-08-02,30.5,22.6,5.2
2022-08-03,29.0,22.3,7.1
2022-08-04,28.0,23.3,2.5
2022-08-05,29.8,23.2,16.9
2022-08-06,30.3,23.2,1.2
2022-08-07,26.7,22.5,34.4
2022-08-08,32.3,24.1,0.0
2022-08-09,32.6,25.0,2.4
2022-08-10,30.5,24.7,4.6
2022-08-11,28.1,24.0,15.2
2022-08-12,31.2,23.7,0.2
2022-08-13,29.9,23.8,1.4
2022-08-14,31.3,23.6,19.5
2022-08-15,27.1,23.7,2.0
2022-08-16,29.9,23.5,1.0
2022-08-17,29.7,22.6,1.2
2022-08-18,30.6,22.5,2.5
2022-08-19,29.0,23.2,34.1
2022-08-20,24.7,22.5,66.5
2022-08-21,31.2,21.6,0.6
2022-08-22,29.4,22.6,1.7
2022-08-23,32.4,23.3,1.2
2022-08-24,28.7,23.2,3.9
2022-08-25,30.6,22.6,1.1
2022-08-26,31.2,22.8,0.2
2022-08-27,30.5,22.6,2.5
2022-08-28,29.2,22.1,7.9
2022-08-29,28.4,21.5,16.2
2022-08-30,30.0,22.5,1.3
2022-08-31,30.7,23.0,4.1
2022-09-01,30.7,23.1,1.7
2022-09-02,28.8,23.3,4.7
2022-09-03,29.2,21.8,2.6
2022-09-04,29.9,22.5,2.7
2022-09-05,30.3,21.9,0.3
2022-09-06,31.0,21.2,0.2
2022-09-07,31.0,20.8,0.0
2022-09-08,31.1,21.1,0.1
2022-09-09,30.6,22.6,1.2
2022-09-10,29.1,22.1,6.0
2022-09-11,30.1,21.7,8.0
2022-09-12,30.7,22.1,0.0
2022-09-13,30.3,21.8,0.1
2022-09-14,27.6,22.2,0.9
2022-09-15,27.9,22.1,10.0
2022-09-16,24.5,21.5,1.3
2022-09-17,28.1,21.4,1.1
2022-09-18,28.8,19.9,1.8
2022-09-19,28.7,21.3,0.6
2022-09-20,30.2,22.2,1.3
2022-09-21,30.3,22.5,0.7
2022-09-22,28.1,22.8,0.4
2022-09-23,28.5,22.2,9.2
2022-09-24,24.0,21.5,28.9
2022-09-25,24.5,19.7,73.1
2022-09-26,27.8,18.6,0.0
2022-09-27,28.3,19.1,0.2
2022-09-28,28.3,19.3,0.1
2022-09-29,28.5,19.3,0.6
2022-09-30,29.0,19.2,0.2
2022-10-01,28.5,19.5,0.5
2022-10-02,28.9,19.7,0.1
2022-10-03,30.8,19.3,0.0
2022-10-04,29.3,21.3,1.5
2022-10-05,28.1,20.1,1.5
2022-10-06,27.9,19.2,0.0
2022-10-07,25.3,18.9,0.7
2022-10-08,21.6,19.6,8.9
2022-10-09,22.0,19.5,10.9
2022-10-10,25.6,18.3,0.5
2022-10-11,24.1,17.2,25.3
2022-10-12,25.6,15.5,0.0
2022-10-13,26.7,15.9,0.0
2022-10-14,27.2,15.4,0.0
2022-10-15,26.6,15.4,0.0
2022-10-16,26.5,15.8,0.0
2022-10-17,26.3,16.1,0.0
2022-10-18,25.2,16.1,0.8
2022-10-19,26.0,14.1,0.0
2022-10-20,26.6,14.7,0.5
2022-10-21,26.7,13.7,0.0
2022-10-22,26.8,14.1,0.0
2022-10-23,27.0,13.0,0.0
2022-10-24,27.9,13.8,0.0
2022-10-25,25.1,12.8,0.0
2022-10-26,25.6,13.5,0.0
2022-10-27,24.8,13.6,0.0
2022-10-28,25.0,14.1,0.0
2022-10-29,23.9,13.5,0.0
2022-10-30,25.3,13.1,0.0
2022-10-31,25.8,14.7,0.0
2022-11-01,25.6,14.1,0.4
2022-11-02,25.4,13.7,0.0
2022-11-03,25.5,14.4,0.0
2022-11-04,24.2,13.8,0.0
2022-11-05,24.7,13.9,0.0
2022-11-06,25.7,14.1,0.0
2022-11-07,24.8,14.1,0.0
2022-11-08,24.5,12.7,0.0
2022-11-09,23.7,12.8,0.1
2022-11-10,23.1,11.3,0.1
2022-11-11,22.7,10.5,0.0
2022-11-12,22.4,9.9,0.0
2022-11-13,22.3,8.9,0.0
2022-11-14,22.4,12.7,1.3
2022-11-15,23.0,10.9,0.0
2022-11-16,21.3,12.0,0.0
2022-11-17,20.6,9.4,0.0
2022-11-18,21.5,9.2,0.0
2022-11-19,21.8,9.6,0.0
2022-11-20,23.2,10.4,0.0
2022-11-21,23.0,10.4,0.0
2022-11-22,21.8,9.8,0.0
2022-11-23,21.4,9.5,0.0
2022-11-24,21.8,9.1,0.0
2022-11-25,21.1,12.0,0.0
2022-11-26,23.3,9.9,0.0
2022-11-27,22.3,12.5,0.0
2022-11-28,21.4,10.9,0.0
2022-11-29,21.1,10.4,0.0
2022-11-30,20.9,9.6,0.0
2022-12-01,21.1,9.0,0.0
2022-12-02,20.5,10.9,0.0
2022-12-03,20.8,10.4,0.0
2022-12-04,21.1,9.6,0.0
2022-12-05,20.0,8.7,0.0
2022-12-06,20.2,8.4,0.0
2022-12-07,19.4,7.7,0.0
2022-12-08,19.6,8.8,0.0
2022-12-09,21.0,10.3,0.0
2022-12-10,22.6,9.3,0.0
2022-12-11,23.4,7.8,0.0
2022-12-12,23.1,8.0,0.0
2022-12-13,22.6,8.6,0.0
2022-12-14,19.0,9.1,0.0
2022-12-15,17.7,9.4,0.0
2022-12-16,17.5,9.4,0.0
2022-12-17,18.2,7.5,0.0
2022-12-18,18.7,8.9,0.0
2022-12-19,19.6,7.0,0.0
2022-12-20,19.2,7.1,0.0
2022-12-21,18.6,5.0,0.0
2022-12-22,17.7,6.3,0.0
2022-12-23,17.0,4.7,0.0
2022-12-24,17.6,5.0,0.0
2022-12-25,18.2,5.6,0.0
2022-12-26,18.4,7.8,0.0
2022-12-27,17.3,8.1,0.0
2022-12-28,17.2,5.8,0.0
2022-12-29,13.8,6.8,1.3
2022-12-30,17.5,7.7,0.1
2022-12-31,17.3,5.3,0.0
2023-01-01,15.4,4.8,0.0
2023-01-02,15.5,4.3,0.0
2023-01-03,15.8,3.8,0.0
2023-01-04,16.9,3.5,0.0
2023-01-05,16.5,3.1,0.0
2023-01-06,14.8,4.7,0.0
2023-01-07,18.8,5.1,0.0
2023-01-08,19.6,7.1,0.0
2023-01-09,19.5,8.3,0.0
2023-01-10,20.1,7.4,0.0
2023-01-11,17.0,7.6,1.2
2023-01-12,17.5,7.8,1.1
2023-01-13,17.8,8.3,5.1
2023-01-14,17.4,7.3,3.3
2023-01-15,15.5,5.8,0.0
2023-01-16,14.4,4.3,0.0
2023-01-17,14.6,3.3,0.0
2023-01-18,15.9,3.4,0.0
2023-01-19,16.3,8.5,1.3
2023-01-20,14.9,7.4,6.1
2023-01-21,18.1,4.9,0.0
2023-01-22,18.2,6.1,0.0
2023-01-23,19.5,6.0,0.0
2023-01-24,18.5,7.3,8.2
2023-01-25,18.1,9.2,5.0
2023-01-26,19.3,7.8,0.0
2023-01-27,20.8,6.6,0.0
2023-01-28,21.6,5.4,0.0
2023-01-29,15.7,8.7,3.5
2023-01-30,16.7,7.5,9.1
2023-01-31,19.9,6.3,0.0
2023-02-01,20.6,6.7,0.0
2023-02-02,21.3,7.1,0.0
2023-02-03,19.6,8.3,0.0
2023-02-04,20.1,7.6,0.0
2023-02-05,20.2,8.5,0.0
2023-02-06,21.6,8.0,0.0
2023-02-07,21.0,7.2,0.0
2023-02-08,20.3,7.3,0.0
2023-02-09,22.6,7.5,0.0
2023-02-10,22.1,10.9,1.0
2023-02-11,21.3,8.9,17.5
2023-02-12,18.0,6.0,0.1
2023-02-13,18.2,2.9,0.0
2023-02-14,19.2,9.2,0.0
2023-02-15,21.1,8.3,0.0
2023-02-16,22.5,9.6,0.0
2023-02-17,24.2,10.0,0.0
2023-02-18,23.0,11.7,0.0
2023-02-19,23.9,11.2,0.0
2023-02-20,26.6,12.1,0.0
2023-02-21,25.6,12.6,0.1
2023-02-22,24.3,10.8,0.0
2023-02-23,24.7,9.8,0.0
2023-02-24,24.6,9.8,0.0
2023-02-25,24.6,10.9,0.0
2023-02-26,24.3,11.5,0.1
2023-02-27,24.6,10.9,0.0
2023-02-28,24.7,10.1,2.3
2023-03-01,24.7,11.8,1.5
2023-03-02,26.6,10.1,0.0
2023-03-03,26.4,12.8,0.0
2023-03-04,26.5,12.6,0.0
2023-03-05,25.9,12.8,0.0
2023-03-06,25.3,11.7,0.0
2023-03-07,25.4,11.6,0.0
2023-03-08,24.1,11.9,0.3
2023-03-09,25.5,11.4,0.0
2023-03-10,26.1,12.5,0.0
2023-03-11,25.9,14.7,0.0
2023-03-12,26.1,14.9,1.2
2023-03-13,26.0,14.4,0.0
2023-03-14,25.2,13.1,0.3
2023-03-15,26.8,12.8,0.0
2023-03-16,26.8,13.4,0.0
2023-03-17,26.6,12.7,0.0
2023-03-18,22.9,12.7,1.0
2023-03-19,23.5,11.7,0.3
2023-03-20,20.7,13.1,13.9
2023-03-21,17.8,10.7,27.6
2023-03-22,22.3,9.5,0.0
2023-03-23,24.1,10.2,0.0
2023-03-24,25.1,12.8,0.0
2023-03-25,21.6,13.2,6.9
2023-03-26,23.9,11.3,0.0
2023-03-27,24.0,11.2,0.0
2023-03-28,25.0,11.7,0.0
2023-03-29,26.2,12.2,0.0
2023-03-30,28.3,12.4,0.1
2023-03-31,17.5,12.7,18.6
2023-04-01,20.3,12.8,7.0
2023-04-02,23.0,11.1,1.2
2023-04-03,26.2,11.8,0.3
2023-04-04,23.8,13.0,1.3
2023-04-05,25.5,10.5,0.0
2023-04-06,26.8,12.1,0.0
2023-04-07,28.0,11.9,0.0
2023-04-08,28.7,14.3,0.0
2023-04-09,28.9,14.2,0.0
2023-04-10,28.9,14.2,0.0
2023-04-11,31.1,13.3,0.0
2023-04-12,31.1,16.4,0.0
2023-04-13,32.1,16.4,0.0
2023-04-14,33.0,16.8,0.0
2023-04-15,32.6,18.8,0.0
2023-04-16,33.6,16.4,0.0
2023-04-17,33.8,17.7,0.0
2023-04-18,34.0,19.1,0.0
2023-04-19,32.1,19.8,0.1
2023-04-20,28.4,19.1,3.2
2023-04-21,28.7,15.6,0.0
2023-04-22,29.0,14.0,0.0
2023-04-23,27.7,13.5,0.0
2023-04-24,27.5,16.2,0.9
2023-04-25,27.1,15.0,1.2
2023-04-26,29.6,15.2,0.0
2023-04-27,28.1,17.2,1.6
2023-04-28,29.9,16.0,0.0
2023-04-29,29.9,18.6,0.1
2023-04-30,25.8,18.1,1.4
2023-05-01,21.3,16.1,12.4
2023-05-02,21.4,15.5,15.3
2023-05-03,26.1,15.6,3.3
2023-05-04,26.1,14.5,0.0
2023-05-05,25.3,16.2,3.3
2023-05-06,27.7,15.9,0.4
2023-05-07,30.5,15.4,0.0
2023-05-08,30.1,15.3,3.6
2023-05-09,30.0,17.5,0.0
2023-05-10,30.3,14.9,0.0
2023-05-11,32.5,15.7,0.0
2023-05-12,33.7,17.2,0.0
2023-05-13,35.1,19.2,0.0
2023-05-14,35.0,19.0,0.1
2023-05-15,34.0,17.4,0.0
2023-05-16,34.9,18.3,0.0
2023-05-17,35.3,19.0,0.0
2023-05-18,31.7,19.3,0.2
2023-05-19,32.4,18.4,0.0
2023-05-20,33.3,18.5,0.0
2023-05-21,35.3,18.5,0.0
2023-05-22,36.0,20.1,0.0
2023-05-23,34.5,23.4,0.5
2023-05-24,30.2,20.4,2.5
2023-05-25,28.2,19.4,11.7
2023-05-26,27.9,17.0,0.0
2023-05-27,30.0,18.8,0.0
2023-05-28,30.7,18.1,0.0
2023-05-29,31.3,19.0,0.6
2023-05-30,30.1,20.7,1.7
2023-05-31,23.1,18.6,44.4
2023-06-01,29.5,17.3,0.3
2023-06-02,27.8,17.4,1.0
2023-06-03,30.0,17.4,0.0
2023-06-04,31.7,17.4,0.0
2023-06-05,31.0,19.9,0.3
2023-06-06,30.3,19.4,0.0
2023-06-07,31.1,19.0,0.0
2023-06-08,32.5,19.9,0.0
2023-06-09,34.6,20.0,0.0
2023-06-10,35.8,21.6,0.0
2023-06-11,33.9,21.7,0.4
2023-06-12,34.8,22.5,0.0
2023-06-13,36.7,23.0,0.0
2023-06-14,34.0,23.8,0.0
2023-06-15,33.5,22.3,0.6
2023-06-16,33.3,20.9,0.4
2023-06-17,34.3,23.3,0.6
2023-06-18,32.4,23.9,8.5
2023-06-19,34.1,23.5,2.0
2023-06-20,31.8,23.9,16.7
2023-06-21,31.7,23.1,4.6
2023-06-22,30.5,23.3,10.1
2023-06-23,30.7,24.7,5.8
2023-06-24,31.0,23.7,26.1
2023-06-25,27.7,23.1,34.5
2023-06-26,28.6,22.9,8.5
2023-06-27,30.5,22.7,1.9
2023-06-28,30.8,23.0,5.5
2023-06-29,30.1,23.3,13.2
2023-06-30,31.0,21.9,7.7
2023-07-01,30.5,20.9,20.2
2023-07-02,31.1,21.9,1.4
2023-07-03,31.2,22.3,4.7
2023-07-04,30.7,22.9,4.3
2023-07-05,30.9,22.4,3.6
2023-07-06,30.2,23.0,1.3
2023-07-07,29.2,23.4,0.2
2023-07-08,26.1,23.3,11.0
2023-07-09,26.9,23.4,13.7
2023-07-10,30.0,23.0,9.3
2023-07-11,30.6,23.1,12.1
2023-07-12,29.3,23.0,1.6
2023-07-13,29.7,22.7,10.1
2023-07-14,30.4,22.5,5.0
2023-07-15,29.6,23.8,5.7
2023-07-16,31.1,23.5,4.2
2023-07-17,30.7,23.4,8.3
2023-07-18,27.5,23.4,11.2
2023-07-19,31.5,23.6,2.4
2023-07-20,33.4,24.5,0.5
2023-07-21,32.3,25.3,4.1
2023-07-22,30.7,23.7,21.0
2023-07-23,32.1,23.0,3.2
2023-07-24,30.6,23.8,2.8
2023-07-25,30.8,23.5,24.5
2023-07-26,26.7,22.9,22.5
2023-07-27,30.5,23.7,6.3
2023-07-28,28.8,23.5,4.5
2023-07-29,29.7,23.1,1.5
2023-07-30,30.5,22.5,0.3
2023-07-31,30.8,23.1,2.5
2023-08-01,31.5,23.5,4.0
2023-08-02,30.9,24.5,8.7
2023-08-03,31.3,23.8,7.5
2023-08-04,28.0,23.8,20.0
2023-08-05,31.2,23.2,4.2
2023-08-06,29.6,23.4,5.6
2023-08-07,28.9,23.2,4.9
2023-08-08,30.8,22.7,8.2
2023-08-09,30.6,23.1,5.9
2023-08-10,28.8,23.2,4.8
2023-08-11,30.1,23.3,17.1
2023-08-12,28.4,24.0,11.7
2023-08-13,28.7,23.5,19.9
2023-08-14,26.3,22.6,65.4
2023-08-15,29.5,22.3,0.9
2023-08-16,31.2,22.7,0.1
2023-08-17,31.1,22.8,9.0
2023-08-18,31.3,22.1,12.4
2023-08-19,32.1,24.0,1.7
2023-08-20,30.8,23.5,11.8
2023-08-21,30.3,23.9,9.5
2023-08-22,27.0,23.8,16.8
2023-08-23,24.5,22.2,107.5
2023-08-24,29.6,22.2,2.2
2023-08-25,30.1,22.3,7.4
2023-08-26,29.7,20.4,8.7
2023-08-27,29.3,21.4,1.0
2023-08-28,29.3,22.0,3.5
2023-08-29,30.7,20.3,0.0
2023-08-30,30.8,21.4,0.0
2023-08-31,31.4,21.6,0.8
2023-09-01,31.5,22.7,0.8
2023-09-02,31.1,22.7,0.9
2023-09-03,31.7,23.5,0.3
2023-09-04,32.1,22.4,0.0
2023-09-05,31.8,21.7,0.2
2023-09-06,33.2,21.6,0.0
2023-09-07,32.9,21.6,0.3
2023-09-08,30.6,22.9,5.2
2023-09-09,28.5,22.0,3.2
2023-09-10,24.3,21.8,39.8
2023-09-11,31.0,21.5,0.2
2023-09-12,30.1,22.6,1.7
2023-09-13,30.1,23.2,1.9
2023-09-14,29.6,23.5,3.2
2023-09-15,29.0,23.0,11.6
2023-09-16,30.8,23.0,1.4
2023-09-17,28.6,23.8,4.8
2023-09-18,29.3,22.1,2.1
2023-09-19,30.2,21.0,0.0
2023-09-20,29.5,23.2,1.2
2023-09-21,29.2,21.9,1.2
2023-09-22,28.5,22.1,1.9
2023-09-23,28.0,21.3,1.9
2023-09-24,28.3,20.6,0.7
2023-09-25,28.8,19.9,0.4
2023-09-26,28.9,20.8,1.0
2023-09-27,30.0,20.2,0.0
2023-09-28,30.0,19.0,0.0
2023-09-29,30.6,20.1,0.0
2023-09-30,31.6,20.1,0.0
2023-10-01,28.9,19.8,0.0
2023-10-02,30.9,19.7,0.0
2023-10-03,30.0,18.2,0.0
2023-10-04,29.5,18.7,0.0
2023-10-05,29.0,19.0,0.0
2023-10-06,29.4,18.2,0.0
2023-10-07,29.0,18.4,0.0
2023-10-08,29.5,18.2,0.0
2023-10-09,29.9,18.0,0.0
2023-10-10,30.0,18.0,0.3
2023-10-11,29.0,16.8,0.0
2023-10-12,28.7,16.8,0.0
2023-10-13,28.0,18.5,0.0
2023-10-14,28.2,16.8,0.0
2023-10-15,28.1,16.4,0.0
2023-10-16,23.8,14.4,8.2
2023-10-17,25.4,13.3,0.6
2023-10-18,25.8,12.7,0.0
2023-10-19,25.5,12.7,0.0
2023-10-20,26.0,13.4,0.0
2023-10-21,26.2,14.8,0.0
2023-10-22,25.8,14.3,0.0
2023-10-23,26.3,14.6,0.2
2023-10-24,27.2,13.1,0.0
2023-10-25,27.5,13.6,0.0
2023-10-26,26.9,13.5,0.0
2023-10-27,26.1,15.6,0.0
2023-10-28,25.5,14.5,0.0
2023-10-29,25.3,14.3,0.0
2023-10-30,26.1,15.4,0.0
2023-10-31,26.1,14.8,0.0
2023-11-01,26.6,14.6,0.0
2023-11-02,25.7,13.5,0.0
2023-11-03,24.9,13.4,0.0
2023-11-04,25.2,12.7,0.0
2023-11-05,24.6,12.7,0.0
2023-11-06,24.1,12.6,0.0
2023-11-07,24.2,11.7,0.0
2023-11-08,24.6,12.4,0.0
2023-11-09,24.7,13.4,0.0
2023-11-10,22.5,13.2,4.5
2023-11-11,21.7,12.3,0.7
2023-11-12,22.9,11.0,0.0
2023-11-13,23.1,12.6,0.0
2023-11-14,23.8,12.6,0.0
2023-11-15,24.4,12.3,0.0
2023-11-16,23.7,13.0,0.0
2023-11-17,24.3,12.1,0.0
2023-11-18,23.3,12.0,0.0
2023-11-19,22.0,12.1,0.0
2023-11-20,22.0,11.1,0.0
2023-11-21,22.4,10.6,0.0
2023-11-22,22.5,10.8,0.0
2023-11-23,20.4,11.0,0.0
2023-11-24,22.4,9.9,0.0
2023-11-25,23.1,11.1,0.0
2023-11-26,22.2,10.6,0.0
2023-11-27,20.0,12.6,0.0
2023-11-28,21.1,11.2,0.1
2023-11-29,21.1,10.9,0.0
2023-11-30,18.8,11.0,16.8
2023-12-01,21.7,10.4,0.0
2023-12-02,21.0,10.4,0.0
2023-12-03,21.1,10.2,0.0
2023-12-04,20.5,9.2,0.0
2023-12-05,20.2,8.8,0.0
2023-12-06,21.9,9.1,0.0
2023-12-07,21.6,9.9,0.0
2023-12-08,20.4,11.1,0.0
2023-12-09,19.0,10.0,0.0
2023-12-10,18.6,6.9,0.0
2023-12-11,17.5,7.8,0.0
2023-12-12,17.5,6.7,0.0
2023-12-13,18.4,6.4,0.0
2023-12-14,18.6,7.4,0.0
2023-12-15,18.3,9.3,0.0
2023-12-16,17.8,7.9,0.0
2023-12-17,17.6,6.5,0.0
2023-12-18,18.7,7.2,0.0
2023-12-19,18.7,7.3,0.0
2023-12-20,17.1,9.9,0.0
2023-12-21,19.7,6.9,0.0
2023-12-22,19.9,10.5,0.0
2023-12-23,19.4,10.1,0.3
2023-12-24,20.5,8.3,0.0
2023-12-25,18.6,10.7,0.0
2023-12-26,17.5,10.6,0.0
2023-12-27,19.5,8.6,0.0
2023-12-28,18.9,8.6,0.0
2023-12-29,18.9,6.7,0.0
2023-12-30,19.2,8.0,0.0
2023-12-31,18.8,9.4,0.0
2024-01-01,18.0,7.3,0.0
2024-01-02,17.5,8.1,0.0
2024-01-03,17.2,7.2,0.0
2024-01-04,17.3,6.2,0.0
2024-01-05,17.2,6.3,0.0
2024-01-06,17.5,4.5,0.0
2024-01-07,18.1,7.0,0.0
2024-01-08,18.3,5.9,0.0
2024-01-09,18.3,6.1,0.0
2024-01-10,18.7,5.4,0.0
2024-01-11,16.5,5.9,0.0
2024-01-12,15.8,5.8,0.0
2024-01-13,16.5,6.9,0.0
2024-01-14,18.4,7.1,0.0
2024-01-15,17.8,6.0,0.0
2024-01-16,17.7,7.6,0.0
2024-01-17,17.5,5.0,0.0
2024-01-18,17.4,4.6,0.0
2024-01-19,15.7,6.5,0.0
2024-01-20,14.9,5.2,0.0
2024-01-21,15.3,3.7,0.0
2024-01-22,14.5,4.7,0.0
2024-01-23,16.1,3.6,0.0
2024-01-24,16.9,5.4,0.0
2024-01-25,17.0,4.2,0.0
2024-01-26,17.2,6.4,0.0
2024-01-27,17.7,7.9,0.0
2024-01-28,17.2,7.1,0.0
2024-01-29,18.4,8.1,0.0
2024-01-30,18.0,7.6,0.0
2024-01-31,14.8,6.4,3.2
2024-02-01,13.7,7.2,27.3
2024-02-02,15.5,4.7,0.0
2024-02-03,19.5,3.5,0.0
2024-02-04,15.4,8.2,27.7
2024-02-05,16.1,6.6,0.9
2024-02-06,16.8,5.9,0.0
2024-02-07,16.5,3.0,0.0
2024-02-08,17.7,3.3,0.0
2024-02-09,17.0,5.7,0.0
2024-02-10,18.5,5.3,0.0
2024-02-11,21.2,6.3,0.0
2024-02-12,20.8,7.4,0.0
2024-02-13,20.5,10.5,0.0
2024-02-14,21.3,8.3,0.0
2024-02-15,21.6,9.2,0.0
2024-02-16,21.8,9.2,0.0
2024-02-17,20.8,8.5,0.0
2024-02-18,21.5,9.7,0.0
2024-02-19,21.2,12.7,7.5
2024-02-20,20.9,10.2,25.9
2024-02-21,20.9,7.3,0.0
2024-02-22,19.1,4.3,0.0
2024-02-23,19.2,4.8,0.0
2024-02-24,18.3,5.3,0.0
2024-02-25,19.0,2.9,0.0
2024-02-26,21.1,6.3,0.0
2024-02-27,17.4,7.9,1.8
2024-02-28,20.3,6.6,0.0
2024-02-29,23.3,8.7,0.0
2024-03-01,22.7,10.4,2.0
2024-03-02,21.0,13.3,14.9
2024-03-03,18.0,10.8,17.4
2024-03-04,18.4,6.5,0.0
2024-03-05,19.9,6.5,0.0
2024-03-06,20.2,8.2,0.0
2024-03-07,21.6,7.9,0.1
2024-03-08,21.1,8.3,0.0
2024-03-09,22.8,8.4,0.0
2024-03-10,24.7,9.9,0.0
2024-03-11,23.7,12.6,0.5
2024-03-12,25.0,11.5,0.2
2024-03-13,24.1,11.1,0.5
2024-03-14,24.3,10.8,0.1
2024-03-15,25.5,9.5,0.0
2024-03-16,25.9,12.3,0.1
2024-03-17,26.7,10.9,0.0
2024-03-18,25.7,11.8,0.0
2024-03-19,26.2,11.6,0.0
2024-03-20,28.1,11.5,0.0
2024-03-21,23.8,13.6,0.0
2024-03-22,25.2,14.1,0.9
2024-03-23,27.8,13.1,0.0
2024-03-24,25.6,12.1,1.2
2024-03-25,27.6,11.9,0.0
2024-03-26,27.5,12.8,0.0
2024-03-27,28.6,16.2,0.0
2024-03-28,31.2,16.0,0.0
2024-03-29,29.9,17.6,0.0
2024-03-30,30.2,17.1,8.1
2024-03-31,28.9,15.0,0.0
2024-04-01,25.9,14.4,0.0
2024-04-02,27.1,14.8,0.0
2024-04-03,29.6,14.9,0.0
2024-04-04,30.4,14.9,0.0
2024-04-05,29.0,13.8,0.0
2024-04-06,29.3,12.6,0.0
2024-04-07,29.0,13.4,0.0
2024-04-08,29.8,12.3,0.0
2024-04-09,30.4,12.9,0.0
2024-04-10,30.7,13.7,0.0
2024-04-11,30.5,13.7,0.1
2024-04-12,31.5,14.1,0.0
2024-04-13,32.1,15.3,0.0
2024-04-14,28.7,18.0,0.3
2024-04-15,28.8,17.8,0.0
2024-04-16,29.9,17.0,0.0
2024-04-17,29.7,16.0,0.0
2024-04-18,31.3,18.1,0.0
2024-04-19,32.8,17.1,0.0
2024-04-20,31.5,17.9,0.0
2024-04-21,31.2,15.8,0.0
2024-04-22,30.7,16.1,0.1
2024-04-23,31.0,15.0,0.0
2024-04-24,30.3,15.2,0.0
2024-04-25,32.1,15.2,0.0
2024-04-26,34.8,16.8,0.0
2024-04-27,31.8,19.4,0.0
2024-04-28,31.4,16.3,0.0
2024-04-29,32.0,17.4,0.3
2024-04-30,31.1,15.8,0.0
2024-05-01,27.3,14.0,0.0
2024-05-02,30.6,12.4,0.0
2024-05-03,32.8,15.8,0.0
2024-05-04,35.3,21.2,0.0
2024-05-05,35.5,17.9,0.0
2024-05-06,35.5,19.1,0.0
2024-05-07,33.7,19.6,0.0
2024-05-08,30.0,21.0,4.2
2024-05-09,31.3,20.8,1.7
2024-05-10,31.5,20.9,1.5
2024-05-11,31.8,21.9,3.7
2024-05-12,30.7,20.3,10.9
2024-05-13,33.3,18.5,0.0
2024-05-14,34.6,17.9,0.0
2024-05-15,36.2,18.0,0.0
2024-05-16,36.6,19.6,0.0
2024-05-17,37.2,19.7,0.0
2024-05-18,37.9,20.4,0.0
2024-05-19,38.3,21.4,0.0
2024-05-20,35.4,23.3,0.2
2024-05-21,34.0,22.0,0.0
2024-05-22,34.1,23.2,0.7
2024-05-23,33.5,23.3,6.1
2024-05-24,33.7,23.5,0.9
2024-05-25,34.9,24.9,5.4
2024-05-26,37.6,23.7,0.0
2024-05-27,37.3,24.4,0.0
2024-05-28,36.4,22.0,0.0
2024-05-29,38.9,20.4,0.0
2024-05-30,39.8,23.9,0.0
2024-05-31,39.2,21.2,0.0
2024-06-01,37.0,21.2,0.0
2024-06-02,35.9,21.8,0.0
2024-06-03,37.0,24.1,0.0
2024-06-04,36.1,23.7,0.0
2024-06-05,36.0,23.5,0.0
2024-06-06,34.3,21.9,0.0
2024-06-07,37.7,22.1,0.0
2024-06-08,36.9,22.7,0.0
2024-06-09,37.0,21.6,0.0
2024-06-10,37.9,21.8,0.0
2024-06-11,38.4,21.9,0.0
2024-06-12,39.7,22.0,0.0
2024-06-13,40.1,22.8,0.0
2024-06-14,40.6,25.2,0.0
2024-06-15,39.6,25.3,0.0
2024-06-16,40.1,24.8,0.0
2024-06-17,40.7,26.2,0.0
2024-06-18,39.4,26.6,0.0
2024-06-19,38.7,27.5,0.0
2024-06-20,33.7,24.7,0.3
2024-06-21,34.6,24.0,0.3
2024-06-22,32.4,24.0,0.1
2024-06-23,33.3,24.2,9.2
2024-06-24,33.0,24.8,2.1
2024-06-25,33.6,25.7,0.1
2024-06-26,31.7,24.5,12.0
2024-06-27,28.6,23.7,16.1
2024-06-28,31.3,24.3,1.0
2024-06-29,30.9,23.7,7.7
2024-06-30,31.4,22.5,23.6
2024-07-01,31.5,22.7,11.1
2024-07-02,30.5,23.1,9.9
2024-07-03,28.8,23.3,21.3
2024-07-04,31.2,23.1,3.3
2024-07-05,26.5,22.9,60.6
2024-07-06,30.0,22.7,11.8
2024-07-07,30.6,22.5,0.2
2024-07-08,29.0,23.0,6.8
2024-07-09,31.5,22.8,1.8
2024-07-10,32.0,23.1,3.3
2024-07-11,30.7,23.0,3.6
2024-07-12,31.0,24.0,1.9
2024-07-13,29.4,22.5,0.2
2024-07-14,31.3,22.8,0.8
2024-07-15,31.6,23.1,1.7
2024-07-16,31.3,24.7,23.4
2024-07-17,30.7,23.9,27.1
2024-07-18,30.3,23.4,23.1
2024-07-19,30.9,23.8,21.4
2024-07-20,32.5,23.9,0.2
2024-07-21,30.1,24.3,5.6
2024-07-22,29.4,24.1,40.3
2024-07-23,31.6,23.9,12.9
2024-07-24,30.8,24.3,1.3
2024-07-25,29.7,23.5,12.8
2024-07-26,31.3,24.5,12.1
2024-07-27,30.4,24.9,3.3
2024-07-28,33.8,25.5,1.1
2024-07-29,32.4,25.1,7.1
2024-07-30,31.4,25.1,15.7
2024-07-31,29.7,23.4,99.7
2024-08-01,30.6,23.6,87.5
2024-08-02,31.7,23.5,4.6
2024-08-03,30.6,24.8,1.5
2024-08-04,30.5,23.6,0.0
2024-08-05,30.2,24.1,17.7
2024-08-06,30.3,23.7,10.7
2024-08-07,26.1,22.7,28.8
2024-08-08,29.7,22.5,1.4
2024-08-09,29.4,22.8,6.3
2024-08-10,29.5,22.9,11.2
2024-08-11,29.2,23.1,11.5
2024-08-12,30.9,23.4,4.4
2024-08-13,30.1,23.6,3.0
2024-08-14,28.0,23.9,3.1
2024-08-15,31.1,23.7,9.2
2024-08-16,30.2,23.3,5.3
2024-08-17,31.5,23.2,10.3
2024-08-18,30.0,23.2,5.8
2024-08-19,30.0,22.9,28.8
2024-08-20,27.6,22.6,30.3
2024-08-21,28.0,22.2,7.4
2024-08-22,29.8,22.9,12.8
2024-08-23,28.4,22.0,1.5
2024-08-24,30.6,22.8,6.2
2024-08-25,31.9,23.5,2.4
2024-08-26,31.1,23.3,1.6
2024-08-27,30.4,22.8,10.5
2024-08-28,30.7,22.7,5.8
2024-08-29,29.2,22.0,6.1
2024-08-30,30.5,22.6,5.7
2024-08-31,31.7,22.7,0.0
2024-09-01,30.8,23.9,5.2
2024-09-02,28.1,23.4,5.1
2024-09-03,30.4,23.2,3.0
2024-09-04,28.2,22.6,18.9
2024-09-05,28.0,21.7,13.6
2024-09-06,27.9,21.8,3.8
2024-09-07,29.7,21.8,2.0
2024-09-08,30.9,23.8,0.2
2024-09-09,30.9,23.3,0.8
2024-09-10,29.6,22.6,2.6
2024-09-11,31.5,22.8,0.1
2024-09-12,24.9,22.3,57.4
2024-09-13,25.2,20.7,12.8
2024-09-14,26.0,20.2,1.2
2024-09-15,28.3,20.7,3.2
2024-09-16,29.8,20.5,0.0
2024-09-17,30.3,20.4,17.1
2024-09-18,24.3,21.6,14.1
2024-09-19,29.7,21.2,5.8
2024-09-20,30.8,20.3,0.0
2024-09-21,30.8,21.1,0.0
2024-09-22,31.4,21.8,0.0
2024-09-23,32.8,23.2,0.1
2024-09-24,31.6,22.8,0.6
2024-09-25,30.0,23.3,7.0
2024-09-26,27.5,22.0,31.9
2024-09-27,28.6,21.5,1.1
2024-09-28,27.0,21.3,3.2
2024-09-29,28.6,20.8,0.0
2024-09-30,28.2,20.0,0.1
2024-10-01,29.4,20.2,0.0
2024-10-02,29.8,21.2,0.0
2024-10-03,29.7,18.8,0.0
2024-10-04,29.6,19.1,0.0
2024-10-05,29.2,18.9,0.0
2024-10-06,29.2,18.3,0.0
2024-10-07,28.4,18.7,0.0
2024-10-08,28.5,18.8,0.0
2024-10-09,28.5,19.0,0.0
2024-10-10,28.3,18.5,0.7
2024-10-11,28.0,16.7,0.0
2024-10-12,27.9,17.1,0.0
2024-10-13,27.2,17.5,0.0
2024-10-14,26.8,16.7,0.1
2024-10-15,27.2,16.5,0.0
2024-10-16,26.6,16.3,0.0
2024-10-17,26.9,16.2,0.0
2024-10-18,26.3,15.5,0.0
2024-10-19,27.6,17.1,0.0
2024-10-20,27.7,17.3,0.0
2024-10-21,27.0,17.7,0.2
2024-10-22,26.8,17.6,0.0
2024-10-23,29.2,16.6,0.0
2024-10-24,30.1,15.0,0.0
2024-10-25,27.2,16.5,0.0
2024-10-26,26.5,17.5,0.2
2024-10-27,27.0,16.8,0.0
2024-10-28,27.8,16.8,0.0
2024-10-29,27.6,16.6,0.0
2024-10-30,27.5,16.2,0.0
2024-10-31,27.5,16.2,0.0
2024-11-01,26.4,16.0,0.0
2024-11-02,25.8,14.8,0.0
2024-11-03,26.6,16.1,0.0
2024-11-04,26.5,15.8,0.0
2024-11-05,24.9,17.5,0.0
2024-11-06,26.1,16.2,0.0
2024-11-07,25.5,15.3,0.0
2024-11-08,25.4,15.3,0.0
2024-11-09,24.8,15.3,0.0
2024-11-10,25.6,14.9,0.0
2024-11-11,25.1,14.4,0.0
2024-11-12,24.9,13.8,0.0
2024-11-13,24.6,14.1,0.0
2024-11-14,23.9,13.2,0.0
2024-11-15,23.0,12.9,0.0
2024-11-16,22.5,13.3,0.0
2024-11-17,22.6,12.4,0.0
2024-11-18,22.2,11.4,0.0
2024-11-19,21.4,9.9,0.0
2024-11-20,21.7,10.8,0.0
2024-11-21,21.6,11.6,0.0
2024-11-22,21.4,10.6,0.0
2024-11-23,21.2,10.7,0.0
2024-11-24,21.9,11.1,0.0
2024-11-25,21.9,10.7,0.0
2024-11-26,20.4,11.2,0.0
2024-11-27,20.0,9.4,0.0
2024-11-28,20.9,10.7,0.0
2024-11-29,21.0,11.4,0.0
2024-11-30,21.5,12.2,0.0
2024-12-01,21.8,11.5,0.0
2024-12-02,22.7,11.2,0.0
2024-12-03,22.1,11.3,0.0
2024-12-04,22.2,9.9,0.0
2024-12-05,20.5,9.5,0.0
2024-12-06,19.3,8.3,0.0
2024-12-07,17.6,6.8,0.0
2024-12-08,17.0,5.7,0.0
2024-12-09,16.7,5.9,0.6
2024-12-10,17.1,4.3,0.0
2024-12-11,20.1,6.5,0.0
2024-12-12,19.0,8.3,0.0
2024-12-13,19.7,2.5,0.0
2024-12-14,19.0,7.1,0.0
2024-12-15,17.1,7.3,0.0
2024-12-16,20.2,8.9,0.0
2024-12-17,19.8,8.5,0.0
2024-12-18,20.5,6.9,0.0
2024-12-19,17.5,6.2,0.0
2024-12-20,20.1,5.6,0.0
2024-12-21,19.4,5.8,0.0
2024-12-22,18.8,6.8,0.0
2024-12-23,14.1,8.2,0.1
2024-12-24,16.9,8.2,0.5
2024-12-25,19.3,5.0,0.0
2024-12-26,20.2,7.2,0.0
2024-12-27,14.7,6.1,10.1
2024-12-28,15.8,9.2,6.7
2024-12-29,19.0,7.6,0.0
2024-12-30,19.1,5.5,0.0
2024-12-31,16.2,7.9,0.0
2025-01-01,17.0,6.9,0.0
2025-01-02,20.1,7.1,0.0
2025-01-03,22.5,11.1,0.0
2025-01-04,23.7,9.6,0.0
2025-01-05,19.6,10.1,0.0
2025-01-06,18.1,6.4,0.1
2025-01-07,18.6,6.2,0.0
2025-01-08,16.6,6.7,0.0
2025-01-09,16.4,5.5,0.0
2025-01-10,16.0,6.7,0.0
2025-01-11,16.7,7.6,0.0
2025-01-12,15.7,6.7,1.7
2025-01-13,19.7,4.3,0.0
2025-01-14,18.7,6.7,0.0
2025-01-15,18.5,6.7,0.0
2025-01-16,15.1,5.7,4.3
2025-01-17,19.8,4.3,0.0
2025-01-18,19.7,7.4,0.0
2025-01-19,21.1,10.4,0.0
2025-01-20,22.1,12.0,0.0
2025-01-21,22.8,11.6,0.0
2025-01-22,21.9,8.5,0.0
2025-01-23,20.0,6.9,0.0
2025-01-24,20.4,5.7,0.0
2025-01-25,19.7,6.3,0.0
2025-01-26,20.1,8.7,0.0
2025-01-27,17.9,7.8,0.0
2025-01-28,19.6,8.2,0.0
2025-01-29,19.8,9.6,0.0
2025-01-30,21.1,6.9,0.0
2025-01-31,21.2,7.6,0.0
2025-02-01,21.2,5.0,0.0
2025-02-02,21.2,5.9,0.0
2025-02-03,21.2,9.0,0.0
2025-02-04,18.8,9.2,3.8
2025-02-05,19.4,7.5,0.8
2025-02-06,19.8,4.2,0.0
2025-02-07,20.9,6.9,0.0
2025-02-08,21.5,8.8,0.0
2025-02-09,23.8,9.9,0.0
2025-02-10,22.6,9.0,0.0
2025-02-11,22.3,8.9,0.0
2025-02-12,21.6,8.1,0.0
2025-02-13,20.8,6.1,0.0
2025-02-14,22.3,6.8,0.0
2025-02-15,18.1,11.4,1.7
2025-02-16,21.5,8.3,0.0
2025-02-17,23.3,7.2,0.0
2025-02-18,23.0,9.7,0.0
2025-02-19,23.0,8.3,0.0
2025-02-20,17.0,10.3,7.2
2025-02-21,22.1,7.8,0.0
2025-02-22,21.2,8.1,0.0
2025-02-23,22.5,7.1,0.1
2025-02-24,22.9,8.6,0.0
2025-02-25,22.8,9.4,0.3
2025-02-26,25.7,11.2,0.7
2025-02-27,16.0,13.2,19.2
2025-02-28,17.8,12.4,83.5
2025-03-01,20.9,8.0,0.2
2025-03-02,22.8,6.9,0.0
2025-03-03,24.9,8.7,0.5
2025-03-04,20.4,10.2,5.7
2025-03-05,20.4,7.6,0.0
2025-03-06,22.2,8.0,0.0
2025-03-07,22.8,10.0,0.0
2025-03-08,23.5,8.8,0.0
2025-03-09,25.0,10.4,0.0
2025-03-10,25.4,11.3,0.0
2025-03-11,26.9,12.2,0.0
2025-03-12,27.9,12.4,0.0
2025-03-13,27.2,12.9,0.2
2025-03-14,27.3,10.2,0.7
2025-03-15,25.2,11.7,8.5
2025-03-16,25.1,10.2,4.4
2025-03-17,24.5,8.9,0.0
2025-03-18,25.8,10.1,0.0
2025-03-19,26.8,11.7,0.0
2025-03-20,26.7,9.6,0.0
2025-03-21,26.9,10.5,0.0
2025-03-22,27.2,10.2,0.0
2025-03-23,26.2,10.8,0.0
2025-03-24,26.4,12.1,0.0
2025-03-25,27.5,13.8,0.0
2025-03-26,29.4,13.7,0.0
2025-03-27,31.1,15.4,0.0
2025-03-28,27.8,14.6,0.0
2025-03-29,26.9,11.5,0.0
2025-03-30,27.9,13.9,0.0
2025-03-31,28.5,11.3,0.0
2025-04-01,28.4,12.7,0.0
2025-04-02,29.1,12.8,0.0
2025-04-03,30.0,13.2,0.0
2025-04-04,30.1,11.8,0.0
2025-04-05,30.0,12.0,0.0
2025-04-06,31.0,13.7,0.0
2025-04-07,31.8,17.0,0.0
2025-04-08,32.2,16.0,0.0
2025-04-09,30.8,17.4,0.3
2025-04-10,29.0,16.7,0.0
2025-04-11,27.9,17.9,6.7
2025-04-12,25.2,14.9,1.3
2025-04-13,29.3,13.0,0.0
2025-04-14,28.9,15.8,0.0
2025-04-15,29.3,17.0,0.3
2025-04-16,30.0,17.4,0.2
2025-04-17,30.7,19.0,0.2
2025-04-18,31.6,18.2,0.0
2025-04-19,29.0,18.4,0.0
2025-04-20,31.1,16.3,28.9
2025-04-21,33.3,17.0,0.0
2025-04-22,33.5,15.8,0.0
2025-04-23,33.2,14.3,0.0
2025-04-24,33.5,13.3,0.0
2025-04-25,33.6,14.4,0.0
2025-04-26,34.2,14.8,0.0
2025-04-27,34.3,16.1,0.0
2025-04-28,31.9,19.1,0.0
2025-04-29,30.7,18.9,0.0
2025-04-30,30.1,18.5,0.0
2025-05-01,29.2,19.8,8.6
2025-05-02,27.9,19.0,5.1
2025-05-03,28.0,18.4,1.5
2025-05-04,31.1,18.7,4.3
2025-05-05,26.9,17.3,15.2
2025-05-06,28.8,18.2,0.4
2025-05-07,30.1,19.0,0.2
2025-05-08,30.2,18.7,3.5
2025-05-09,31.2,18.5,0.0
2025-05-10,31.1,19.2,0.2
2025-05-11,32.1,19.2,0.5
2025-05-12,31.2,17.5,0.1
2025-05-13,34.4,17.4,0.0
2025-05-14,34.4,18.3,0.0
2025-05-15,36.2,18.0,0.0
2025-05-16,35.3,21.2,0.0
2025-05-17,35.0,21.7,0.0
2025-05-18,32.7,22.2,0.2
2025-05-19,32.0,21.6,0.8
2025-05-20,33.1,22.4,0.2
2025-05-21,33.0,22.8,0.3
2025-05-22,31.0,22.2,0.7
2025-05-23,33.0,22.4,0.0
2025-05-24,32.8,22.1,0.0
2025-05-25,25.9,20.1,20.2
2025-05-26,32.1,19.7,0.5
2025-05-27,32.1,22.6,0.6
2025-05-28,31.3,21.5,4.4
2025-05-29,33.9,22.3,0.1
2025-05-30,31.3,21.0,4.5
2025-05-31,34.5,19.1,0.5
2025-06-01,33.6,18.8,0.0
2025-06-02,30.4,18.9,0.0
2025-06-03,29.9,17.6,0.0
2025-06-04,29.0,18.5,1.2
2025-06-05,30.7,16.0,0.0
2025-06-06,31.8,21.5,0.0
2025-06-07,33.4,20.5,0.0
2025-06-08,33.9,23.5,0.1
2025-06-09,34.7,24.9,0.0
2025-06-10,35.0,24.5,0.2
2025-06-11,33.7,25.8,4.7
2025-06-12,34.8,24.6,2.0
2025-06-13,33.1,25.3,2.0
2025-06-14,34.1,24.4,0.0
2025-06-15,33.5,23.4,6.7
2025-06-16,31.2,23.7,0.8
2025-06-17,33.1,24.9,0.0
2025-06-18,31.7,23.9,4.6
2025-06-19,31.3,23.4,5.9
2025-06-20,29.4,24.4,11.5
2025-06-21,31.7,24.2,0.8
2025-06-22,31.0,24.8,3.1
2025-06-23,31.4,23.0,6.2
2025-06-24,31.0,24.5,5.4
2025-06-25,29.5,24.6,13.8
2025-06-26,31.9,24.2,0.4
2025-06-27,30.5,23.6,12.7
2025-06-28,30.9,23.1,53.4
2025-06-29,27.8,22.8,36.0
2025-06-30,27.4,22.6,10.8
2025-07-01,30.6,22.3,2.2
2025-07-02,31.7,24.2,7.7
2025-07-03,31.2,23.9,13.8
2025-07-04,29.8,24.3,7.6
2025-07-05,29.6,24.2,5.0
2025-07-06,30.3,24.0,14.1
2025-07-07,31.7,22.7,9.9
2025-07-08,30.2,23.1,4.5
2025-07-09,29.3,22.5,38.3
2025-07-10,26.7,22.0,5.6
2025-07-11,30.3,23.2,0.2
2025-07-12,31.7,23.2,0.2
2025-07-13,31.6,24.2,1.2
2025-07-14,30.6,23.3,1.0
2025-07-15,29.8,23.6,4.2
2025-07-16,28.4,22.7,4.6
2025-07-17,28.8,23.5,1.2
2025-07-18,30.4,24.8,1.3
2025-07-19,31.0,23.1,0.2
2025-07-20,31.3,24.1,4.2
2025-07-21,25.2,22.9,47.5
2025-07-22,30.0,23.1,1.3
2025-07-23,30.8,23.7,1.4
2025-07-24,31.2,23.8,1.6
2025-07-25,33.0,23.4,0.4
2025-07-26,31.6,24.3,0.6
2025-07-27,30.3,24.5,2.6
2025-07-28,28.8,24.2,10.2
2025-07-29,26.8,23.8,22.2
2025-07-30,30.3,23.4,6.5
2025-07-31,28.7,23.2,19.3
2025-08-01,29.9,24.0,3.6
2025-08-02,30.7,22.9,8.6
2025-08-03,28.9,23.5,11.7
2025-08-04,27.9,22.6,10.0
2025-08-05,24.7,22.7,16.1
2025-08-06,27.3,22.1,16.7
2025-08-07,31.0,21.9,1.4
2025-08-08,30.3,23.8,17.0
2025-08-09,30.0,23.6,0.2
2025-08-10,29.5,22.6,7.8
2025-08-11,28.7,23.8,35.2
2025-08-12,28.8,23.4,2.3
2025-08-13,30.3,23.6,1.3
2025-08-14,25.3,23.2,14.0
2025-08-15,29.3,22.3,2.4
2025-08-16,28.8,23.5,4.4
2025-08-17,30.3,23.5,3.3
2025-08-18,29.0,23.2,1.5
2025-08-19,30.3,22.4,3.1
2025-08-20,29.8,21.6,0.8
2025-08-21,30.0,22.6,0.9
2025-08-22,29.0,23.3,2.7
2025-08-23,27.7,23.2,3.8
2025-08-24,29.4,22.5,1.7
2025-08-25,28.3,23.4,2.3
2025-08-26,28.1,22.7,29.0
2025-08-27,30.1,21.8,0.4
2025-08-28,30.0,23.0,8.6
2025-08-29,27.8,23.1,10.7
2025-08-30,29.0,22.6,9.5
2025-08-31,26.1,22.8,17.1
2025-09-01,23.1,21.6,60.5
2025-09-02,24.8,20.7,15.9
2025-09-03,27.5,21.0,8.9
2025-09-04,29.0,22.0,4.1
2025-09-05,29.6,22.6,0.6
2025-09-06,29.1,22.0,2.3
2025-09-07,30.0,22.6,0.7
2025-09-08,28.5,21.6,1.7
2025-09-09,29.8,21.8,3.0
2025-09-10,29.1,23.0,4.9
2025-09-11,29.1,23.0,4.8
2025-09-12,28.8,22.3,7.0
2025-09-13,28.2,22.8,14.3
2025-09-14,28.8,22.5,12.3
2025-09-15,28.9,21.8,19.5
2025-09-16,25.6,21.4,26.7
2025-09-17,29.0,20.7,6.6
2025-09-18,27.8,21.6,2.7
2025-09-19,27.6,21.1,1.4
2025-09-20,28.9,20.4,0.5
2025-09-21,29.6,20.3,0.0
2025-09-22,30.0,21.1,0.0
2025-09-23,30.5,21.6,0.2
2025-09-24,30.5,21.4,0.5
2025-09-25,30.3,21.8,0.0
2025-09-26,31.2,21.4,0.0
2025-09-27,32.2,20.6,0.0
2025-09-28,29.9,22.5,1.4
2025-09-29,29.0,21.3,1.6
2025-09-30,30.3,20.2,0.3
2025-10-01,29.1,20.9,0.3
2025-10-02,29.2,19.5,1.5
2025-10-03,28.5,19.1,0.0
2025-10-04,29.0,18.8,0.0
2025-10-05,30.1,18.5,0.0
2025-10-06,25.9,17.5,5.7
2025-10-07,23.3,17.8,7.5
2025-10-08,23.3,16.4,2.7
2025-10-09,26.2,15.0,0.0
2025-10-10,25.8,16.9,0.0
2025-10-11,26.5,15.3,0.0
2025-10-12,27.2,17.1,0.0
2025-10-13,26.7,16.0,0.0
2025-10-14,26.9,16.1,0.0
2025-10-15,27.4,16.7,0.0
2025-10-16,28.6,16.4,0.0
2025-10-17,28.6,16.6,0.0
2025-10-18,28.3,17.1,0.0
2025-10-19,28.5,16.6,0.0
2025-10-20,28.0,17.8,0.0
2025-10-21,28.0,17.9,0.0
2025-10-22,27.6,17.5,0.0
2025-10-23,27.0,14.9,0.0
2025-10-24,26.7,14.3,0.0
2025-10-25,26.5,15.6,0.0
2025-10-26,25.8,15.4,0.0
2025-10-27,26.7,15.2,0.0
2025-10-28,24.9,13.7,0.0
2025-10-29,26.5,13.8,0.0
2025-10-30,26.3,17.0,0.0
2025-10-31,25.8,17.2,0.0
2025-11-01,25.9,16.7,0.0
2025-11-02,26.0,14.6,0.0
2025-11-03,25.0,13.8,0.0
2025-11-04,25.2,13.2,0.0
2025-11-05,25.2,13.3,0.1
2025-11-06,24.9,14.1,0.0
2025-11-07,25.6,11.7,0.0
2025-11-08,24.6,12.1,0.0
2025-11-09,23.8,10.3,0.0
2025-11-10,23.4,12.2,0.0
2025-11-11,23.4,11.2,0.0
2025-11-12,22.7,12.0,0.0
2025-11-13,22.0,11.5,0.0
2025-11-14,22.3,9.4,0.0
2025-11-15,22.0,10.1,0.0
2025-11-16,21.8,11.0,0.0
2025-11-17,21.0,12.0,0.0
2025-11-18,22.7,12.4,0.0
2025-11-19,22.3,13.1,0.0
2025-11-20,22.0,12.3,0.0
2025-11-21,21.3,10.9,0.0
2025-11-22,20.8,8.2,0.0
2025-11-23,20.5,8.6,0.0
2025-11-24,20.3,9.5,0.0
2025-11-25,20.1,9.2,0.0
2025-11-26,20.0,8.4,0.0
2025-11-27,20.9,9.1,0.0
2025-11-28,23.0,8.5,0.0
2025-11-29,21.6,9.2,0.0
2025-11-30,21.5,9.7,0.0
2025-12-01,20.1,9.7,0.0
2025-12-02,20.7,8.5,0.0
2025-12-03,20.0,8.4,0.0
2025-12-04,20.6,9.7,0.0
2025-12-05,20.3,9.5,0.0
2025-12-06,21.7,8.9,0.0
2025-12-07,21.3,10.5,0.0
2025-12-08,22.7,9.7,0.0
2025-12-09,21.7,8.4,0.0
2025-12-10,19.0,10.7,0.0
2025-12-11,19.8,8.6,0.0
2025-12-12,19.5,9.7,0.0
2025-12-13,20.0,10.7,0.0
2025-12-14,21.4,10.7,0.0
2025-12-15,21.1,10.1,0.0
2025-12-16,21.4,11.1,0.0
2025-12-17,18.6,9.9,0.0
2025-12-18,19.0,9.3,0.0
2025-12-19,18.8,10.0,0.0
2025-12-20,15.2,8.1,0.0
2025-12-21,16.9,9.2,0.0
2025-12-22,19.6,9.8,0.0
2025-12-23,21.4,10.4,0.0
2025-12-24,18.3,8.9,0.0
2025-12-25,17.5,7.6,0.0
2025-12-26,17.1,8.8,0.0
2025-12-27,17.8,7.7,0.0
2025-12-28,17.8,8.3,0.0
2025-12-29,17.3,8.5,0.0
2025-12-30,19.7,8.7,0.0
2025-12-31,14.4,8.5,0.0
2026-01-01,16.5,8.3,0.0
2026-01-02,16.8,7.6,0.0
2026-01-03,15.4,8.4,0.0
2026-01-04,15.3,8.1,0.0
2026-01-05,16.2,6.7,0.0
2026-01-06,17.6,6.7,0.0
2026-01-07,17.1,4.4,0.0
2026-01-08,16.1,4.2,0.0
2026-01-09,16.9,5.0,0.0
2026-01-10,18.1,6.2,0.0
2026-01-11,16.9,7.2,0.0
2026-01-12,15.8,5.6,0.0
2026-01-13,17.0,6.7,0.0
2026-01-14,16.9,5.9,0.0
2026-01-15,17.7,6.2,0.0
2026-01-16,18.6,7.0,0.0
2026-01-17,18.5,8.1,0.0
2026-01-18,19.6,7.8,0.0
2026-01-19,21.0,5.8,0.0
2026-01-20,21.1,7.9,0.0
2026-01-21,20.4,7.2,0.0
2026-01-22,21.7,6.9,0.0
2026-01-23,12.7,9.1,20.6
2026-01-24,17.4,6.6,0.1
2026-01-25,18.8,7.5,0.0
2026-01-26,19.7,8.1,0.0
2026-01-27,20.8,7.1,14.9
2026-01-28,17.8,7.2,9.2
2026-01-29,18.7,4.8,0.0
2026-01-30,20.5,6.8,0.0
2026-01-31,20.0,8.7,0.0
2026-02-01,19.7,8.7,7.8
2026-02-02,20.1,7.0,0.0
2026-02-03,18.9,8.7,0.0
2026-02-04,20.2,6.6,0.0
2026-02-05,21.2,6.9,0.0
2026-02-06,20.7,9.1,0.0
2026-02-07,21.1,9.3,0.0
2026-02-08,21.0,8.0,0.0
2026-02-09,18.6,9.8,0.0
2026-02-10,21.4,8.3,0.0
2026-02-11,22.4,8.1,0.0
2026-02-12,22.4,9.0,0.0
2026-02-13,21.8,10.2,0.0
2026-02-14,21.7,9.0,0.0
2026-02-15,22.8,9.3,0.0
2026-02-16,23.1,9.6,0.0
2026-02-17,23.7,12.2,0.0
2026-02-18,21.7,12.8,0.0
2026-02-19,23.6,11.7,0.2
2026-02-20,25.1,10.9,0.0
2026-02-21,24.3,13.1,0.0
2026-02-22,23.6,12.9,0.0
2026-02-23,24.2,11.5,0.0
2026-02-24,24.2,12.3,0.0
2026-02-25,24.2,12.8,0.6
2026-02-26,24.5,10.8,0.0
2026-02-27,24.6,10.7,0.2
2026-02-28,25.6,10.2,0.1
2026-03-01,25.8,10.9,0.0
2026-03-02,26.7,11.5,0.0
2026-03-03,26.4,11.3,0.0
2026-03-04,26.9,14.2,0.0
2026-03-05,27.0,15.1,0.0
2026-03-06,28.0,16.7,0.0
2026-03-07,28.2,15.5,0.0
2026-03-08,28.2,15.2,0.0
2026-03-09,28.4,15.3,0.0
2026-03-10,29.1,16.9,0.0
2026-03-11,28.9,14.8,0.0
2026-03-12,29.8,17.6,0.0
2026-03-13,29.3,15.4,0.0
2026-03-14,28.3,15.1,0.0
2026-03-15,24.7,13.2,14.0
2026-03-16,24.6,10.7,4.8
2026-03-17,25.8,11.3,0.0
2026-03-18,25.9,10.9,0.6
2026-03-19,26.1,13.5,10.5
2026-03-20,17.9,12.8,24.4
2026-03-21,23.0,10.6,0.1
2026-03-22,24.1,10.8,0.7
2026-03-23,23.8,12.7,0.4
2026-03-24,24.3,13.5,0.2
2026-03-25,26.9,13.8,0.0
2026-03-26,28.7,15.1,0.0
2026-03-27,26.2,16.5,0.4
2026-03-28,27.0,15.3,0.4
2026-03-29,26.8,16.3,0.0
2026-03-30,28.4,15.6,3.1
2026-03-31,29.6,16.4,0.1
2026-04-01,29.2,14.0,0.1
2026-04-02,31.6,15.4,0.0
2026-04-03,28.6,17.5,2.4
2026-04-04,27.7,15.3,0.2
2026-04-05,25.6,13.4,0.6
2026-04-06,26.2,13.7,0.4
2026-04-07,24.4,12.3,4.0
2026-04-08,19.9,12.2,20.8
2026-04-09,22.9,9.8,0.5
2026-04-10,26.6,11.6,0.0
2026-04-11,28.3,12.9,0.0
2026-04-12,28.0,11.6,0.0
2026-04-13,29.7,15.0,0.0
2026-04-14,31.2,14.5,0.0
2026-04-15,31.7,14.2,0.0
2026-04-16,33.2,15.2,0.0
2026-04-17,33.0,15.0,0.0
2026-04-18,35.0,15.2,0.0
2026-04-19,34.3,16.5,0.0
2026-04-20,33.9,16.8,0.0
2026-04-21,33.4,16.3,0.0
2026-04-22,33.9,16.4,0.0
2026-04-23,34.6,18.8,0.0
2026-04-24,35.7,19.5,0.0
2026-04-25,36.1,21.2,0.0
2026-04-26,37.6,20.2,0.0
2026-04-27,35.4,19.5,0.0
2026-04-28,33.7,21.7,0.2
2026-04-29,31.6,19.0,0.2
2026-04-30,30.5,18.7,9.9
2026-05-01,29.5,17.4,4.6
2026-05-02,29.3,20.2,2.2
2026-05-03,30.6,20.0,3.9
2026-05-04,28.8,16.7,19.7
2026-05-05,26.0,15.5,0.5
2026-05-06,29.0,14.4,0.0
2026-05-07,25.4,16.4,0.5
2026-05-08,27.7,16.5,1.1
2026-05-09,29.6,18.6,0.0
2026-05-10,30.2,19.0,0.0
2026-05-11,28.3,21.1,3.3
2026-05-12,29.4,19.3,4.7
2026-05-13,31.9,19.6,0.1
2026-05-14,32.0,18.3,0.0
2026-05-15,33.2,20.5,0.5
2026-05-16,33.0,19.2,0.0
2026-05-17,34.4,20.1,0.0
2026-05-18,35.2,21.0,0.0
2026-05-19,35.9,22.2,0.0
2026-05-20,37.6,21.0,0.0
2026-05-21,37.5,22.2,0.0
2026-05-22,35.0,24.7,0.2
2026-05-23,35.5,21.5,0.0
2026-05-24,37.3,19.3,0.0
2026-05-25,37.3,21.6,0.0
2026-05-26,35.8,20.9,0.0
2026-05-27,34.8,20.3,0.0
2026-05-28,34.0,20.1,1.6
2026-05-29,31.2,19.7,1.3
2026-05-30,30.0,19.6,3.4
2026-05-31,25.6,20.5,1.6
2026-06-01,29.0,20.5,0.2
2026-06-02,31.4,21.5,0.9
2026-06-03,32.8,22.5,0.1
2026-06-04,32.5,22.8,0.4
2026-06-05,28.4,22.0,0.7
2026-06-06,33.2,21.3,0.0
2026-06-07,32.8,23.0,0.2
2026-06-08,34.8,22.2,0.0
2026-06-09,35.2,22.3,0.4
2026-06-10,33.5,22.9,0.7
2026-06-11,31.2,21.9,5.6
2026-06-12,29.2,20.9,17.6
2026-06-13,29.9,20.6,3.4
2026-06-14,31.7,19.3,0.4
2026-06-15,32.0,21.2,2.2
2026-06-16,32.1,19.9,0.0
2026-06-17,32.4,22.2,0.6
2026-06-18,32.9,24.1,1.2
2026-06-19,33.0,23.8,0.4
2026-06-20,33.5,22.5,0.0
2026-06-21,34.3,24.5,0.3
2026-06-22,31.4,23.7,0.1
2026-06-23,32.7,22.9,1.4
2026-06-24,32.0,22.7,2.8
2026-06-25,32.0,22.5,1.8
2026-06-26,34.1,24.2,0.7
2026-06-27,35.1,24.2,0.1
2026-06-28,34.1,24.5,4.0
2026-06-29,30.4,24.5,5.5
2026-06-30,30.4,24.9,9.9
2026-07-01,25.6,23.6,16.8
2026-07-02,29.2,23.8,2.0
2026-07-03,31.1,24.4,3.2
2026-07-04,31.3,24.2,3.9
2026-07-05,31.8,25.3,3.6
2026-07-06,31.5,24.6,3.1
2026-07-07,31.4,24.7,3.7
2026-07-08,27.5,24.3,16.2
2026-07-09,25.9,22.9,65.6
2026-07-10,27.0,22.8,18.7
2026-07-11,29.6,23.8,5.5
2026-07-12,31.1,23.5,2.8
2026-07-13,32.4,23.3,0.5
2026-07-14,32.3,23.6,2.6
2026-07-15,31.3,24.3,2.5
2026-07-16,31.7,23.9,1.0
2026-07-17,32.2,24.9,3.3
2026-07-18,29.4,24.8,13.2
2026-07-19,28.7,24.2,35.5
2026-07-20,26.0,23.4,25.4
2026-07-21,29.5,23.5,34.9
2026-07-22,29.0,23.7,5.8
2026-07-23,29.5,23.0,7.0
2026-07-24,31.2,23.7,10.9
2026-07-25,28.8,23.9,12.1
2026-07-26,30.8,24.8,3.4
2026-07-27,28.9,23.9,14.7
2026-07-28,26.9,23.0,50.7
2026-07-29,29.7,24.2,0.7
2026-07-30,30.5,23.9,6.4
2026-07-31,30.8,24.1,2.5
2026-08-01,30.1,23.5,9.7
2026-08-02,29.8,23.3,13.4
2026-08-03,29.6,24.3,11.2
2026-08-04,28.2,24.0,10.7
2026-08-05,28.5,23.6,14.8
2026-08-06,24.8,23.4,40.3
2026-08-07,28.6,23.6,0.7
2026-08-08,31.1,24.5,4.6
2026-08-09,30.0,24.1,7.1
2026-08-10,26.7,23.9,16.5
2026-08-11,27.3,23.8,1.3
2026-08-12,32.0,23.8,0.1
2026-08-13,32.1,25.0,0.8
2026-08-14,27.4,24.4,5.2
2026-08-15,28.3,23.9,8.2
2026-08-16,28.3,22.7,17.3
2026-08-17,28.7,23.4,14.4
2026-08-18,28.7,23.3,22.6
2026-08-19,28.4,23.4,5.4
2026-08-20,29.2,23.8,6.9
2026-08-21,29.5,24.1,6.3
2026-08-22,29.4,23.6,6.3
2026-08-23,29.0,23.0,12.1
2026-08-24,28.9,23.2,15.2
2026-08-25,29.6,23.0,4.8
2026-08-26,29.9,23.2,5.2
2026-08-27,27.9,23.7,11.6
2026-08-28,30.0,23.8,9.3
2026-08-29,29.2,23.9,16.0
2026-08-30,28.4,23.4,46.1
2026-08-31,28.1,23.5,20.7
2026-09-01,27.6,22.7,19.5
2026-09-02,28.5,22.8,2.0
2026-09-03,27.8,22.2,5.5
2026-09-04,27.1,22.8,7.6
2026-09-05,25.9,23.0,3.4
2026-09-06,26.5,22.1,4.3
2026-09-07,27.9,21.0,44.3
2026-09-08,28.8,21.5,1.3
2026-09-09,30.2,22.1,1.0
2026-09-10,28.7,22.7,1.5
2026-09-11,29.3,22.3,10.8
2026-09-12,30.3,22.3,3.9
2026-09-13,28.5,22.3,6.4
2026-09-14,27.8,21.8,1.6
2026-09-15,27.8,21.4,2.0
2026-09-16,28.6,21.4,0.8
2026-09-17,28.8,19.3,5.8
2026-09-18,29.0,19.7,0.0
2026-09-19,29.0,19.7,0.0
2026-09-20,29.2,19.9,0.0
